<?xml version="1.0" encoding="utf-8"?>
<Stateflow>
  <machine id="31">
    <P Name="sfVersion">80000036</P>
    <Children>
      <target id="150" name="sfun">
        <P Name="description">Default Simulink S-Function Target.</P>
      </target>
      <chart Ref="chart_32"/>
      <chart Ref="chart_64"/>
      <chart Ref="chart_88"/>
      <chart Ref="chart_96"/>
      <chart Ref="chart_103"/>
      <chart Ref="chart_111"/>
      <chart Ref="chart_119"/>
      <chart Ref="chart_127"/>
      <chart Ref="chart_135"/>
      <chart Ref="chart_142"/>
    </Children>
  </machine>
  <instance id="63">
    <P Name="machine">31</P>
    <P Name="name">Subsystem/MATLAB Function1</P>
    <P Name="chart">32</P>
  </instance>
  <instance id="87">
    <P Name="machine">31</P>
    <P Name="name">MATLAB Function</P>
    <P Name="chart">64</P>
  </instance>
  <instance id="95">
    <P Name="machine">31</P>
    <P Name="name">RigidBody_Dynamics/Angular Motion/- w X Iw</P>
    <P Name="chart">88</P>
  </instance>
  <instance id="102">
    <P Name="machine">31</P>
    <P Name="name">Dynamics/Angular Motion/MATLAB Function1</P>
    <P Name="chart">96</P>
  </instance>
  <instance id="110">
    <P Name="machine">31</P>
    <P Name="name">RigidBody_Dynamics/Angular Motion/Omega2QuatDot/MATLAB Function</P>
    <P Name="chart">103</P>
  </instance>
  <instance id="118">
    <P Name="machine">31</P>
    <P Name="name">Dynamics/Angular Motion/Omega2QuatDot/MATLAB Function</P>
    <P Name="chart">111</P>
  </instance>
  <instance id="126">
    <P Name="machine">31</P>
    <P Name="name">MotorDriver_Interface/MATLAB Function1</P>
    <P Name="chart">119</P>
  </instance>
  <instance id="134">
    <P Name="machine">31</P>
    <P Name="name">Dynamics/MATLAB Function</P>
    <P Name="chart">127</P>
  </instance>
  <instance id="141">
    <P Name="machine">31</P>
    <P Name="name">RigidBody_Dynamics/Angular Motion/MATLAB Function1</P>
    <P Name="chart">135</P>
  </instance>
  <instance id="149">
    <P Name="machine">31</P>
    <P Name="name">RigidBody_Dynamics/MATLAB Function</P>
    <P Name="chart">142</P>
  </instance>
</Stateflow>
