<?xml version="1.0" encoding="utf-8"?>
<System>
  <P Name="Location">[1219, 32, 2533, 948]</P>
  <P Name="SystemRect">[0.000000, 0.000000, 0.000000, 0.000000]</P>
  <P Name="SetExecutionDomain">off</P>
  <P Name="ExecutionDomainType">Deduce</P>
  <P Name="ScreenColor">white</P>
  <P Name="ZoomFactor">125</P>
  <P Name="SimulinkSubDomain">Simulink</P>
  <Block BlockType="Inport" Name="v" SID="574">
    <P Name="Position">[-150, 38, -120, 52]</P>
    <P Name="ZOrder">41</P>
  </Block>
  <Block BlockType="DotProduct" Name="Dot Product" SID="575">
    <P Name="Position">[110, 22, 140, 53]</P>
    <P Name="ZOrder">39</P>
    <P Name="OutDataTypeStr">Inherit: Inherit via internal rule</P>
  </Block>
  <Block BlockType="Product" Name="Product" SID="576">
    <P Name="Ports">[2, 1]</P>
    <P Name="Position">[215, 32, 245, 63]</P>
    <P Name="ZOrder">40</P>
  </Block>
  <Block BlockType="SubSystem" Name="Versor" SID="577">
    <P Name="Ports">[1, 1]</P>
    <P Name="Position">[95, 107, 155, 153]</P>
    <P Name="ZOrder">38</P>
    <P Name="RequestExecContextInheritance">off</P>
    <P Name="ContentPreviewEnabled">on</P>
    <System Ref="system_577"/>
  </Block>
  <Block BlockType="Outport" Name="n_norm2" SID="589">
    <P Name="Position">[265, 43, 295, 57]</P>
    <P Name="ZOrder">44</P>
  </Block>
  <Line>
    <P Name="ZOrder">1</P>
    <P Name="Src">574#out:1</P>
    <P Name="Points">[190, 0]</P>
    <Branch>
      <P Name="ZOrder">2</P>
      <P Name="Dst">575#in:2</P>
    </Branch>
    <Branch>
      <P Name="ZOrder">3</P>
      <P Name="Points">[0, -15]</P>
      <P Name="Dst">575#in:1</P>
    </Branch>
    <Branch>
      <P Name="ZOrder">4</P>
      <P Name="Points">[0, 85]</P>
      <P Name="Dst">577#in:1</P>
    </Branch>
  </Line>
  <Line>
    <P Name="ZOrder">5</P>
    <P Name="Src">577#out:1</P>
    <P Name="Points">[27, 0; 0, -75]</P>
    <P Name="Dst">576#in:2</P>
  </Line>
  <Line>
    <P Name="ZOrder">6</P>
    <P Name="Src">575#out:1</P>
    <P Name="Dst">576#in:1</P>
  </Line>
  <Line>
    <P Name="ZOrder">7</P>
    <P Name="Src">576#out:1</P>
    <P Name="Dst">589#in:1</P>
  </Line>
  <Annotation SID="590">
    <P Name="Name">&lt;!DOCTYPE HTML PUBLIC &quot;-//W3C//DTD HTML 4.0//EN&quot; &quot;http://www.w3.org/TR/REC-html40/strict.dtd&quot;&gt;
&lt;html&gt;&lt;head&gt;&lt;meta name=&quot;qrichtext&quot; content=&quot;1&quot; /&gt;&lt;style type=&quot;text/css&quot;&gt;
p, li { white-space: pre-wrap; }
&lt;/style&gt;&lt;/head&gt;&lt;body align=&quot;left&quot; style=&quot; font-family:&apos;Helvetica&apos;; font-size:10px; font-weight:400; font-style:normal;&quot;&gt;
&lt;p align=&quot;left&quot; style=&quot; margin-top:0px; margin-bottom:0px; margin-left:0px; margin-right:0px; -qt-block-indent:0; text-indent:0px;&quot;&gt;&lt;span style=&quot; font-size:12px;&quot;&gt;Output = n * norm(v) ^ 2&lt;/span&gt;&lt;/p&gt;&lt;/body&gt;&lt;/html&gt;</P>
    <P Name="Position">[25, -29, 154, -15]</P>
    <P Name="InternalMargins">[0, 0, 0, 0]</P>
    <P Name="Interpreter">rich</P>
    <P Name="ZOrder">-1</P>
  </Annotation>
</System>
