<?xml version="1.0" encoding="utf-8"?>
<System>
  <P Name="Location">[74, 35, 1994, 1073]</P>
  <P Name="SystemRect">[0.000000, 0.000000, 0.000000, 0.000000]</P>
  <P Name="SetExecutionDomain">off</P>
  <P Name="ExecutionDomainType">Deduce</P>
  <P Name="ScreenColor">white</P>
  <P Name="ZoomFactor">173</P>
  <P Name="SimulinkSubDomain">Simulink</P>
  <Block BlockType="Inport" Name="Translational_State" SID="85">
    <P Name="Position">[20, 153, 50, 167]</P>
    <P Name="ZOrder">534</P>
  </Block>
  <Block BlockType="Inport" Name="Ref" SID="86">
    <P Name="Position">[20, 238, 50, 252]</P>
    <P Name="ZOrder">554</P>
    <P Name="Port">2</P>
  </Block>
  <Block BlockType="Inport" Name="Jerk_FF" SID="87">
    <P Name="Position">[20, 323, 50, 337]</P>
    <P Name="ZOrder">538</P>
    <P Name="Port">3</P>
  </Block>
  <Block BlockType="SubSystem" Name="Subsystem" SID="393">
    <P Name="Ports">[3, 3]</P>
    <P Name="Position">[230, 118, 440, 372]</P>
    <P Name="ZOrder">557</P>
    <P Name="TreatAsAtomicUnit">on</P>
    <P Name="SystemSampleTime">controller_dt</P>
    <P Name="RequestExecContextInheritance">off</P>
    <P Name="ContentPreviewEnabled">on</P>
    <System Ref="system_393"/>
  </Block>
  <Block BlockType="Outport" Name="Jerk_re_wf" SID="298">
    <P Name="Position">[610, 153, 640, 167]</P>
    <P Name="ZOrder">556</P>
  </Block>
  <Block BlockType="Outport" Name="ControlComponents" SID="481">
    <P Name="Position">[615, 323, 645, 337]</P>
    <P Name="ZOrder">558</P>
    <P Name="Port">2</P>
  </Block>
  <Block BlockType="Outport" Name="Tracking_Err" SID="113">
    <P Name="Position">[615, 238, 645, 252]</P>
    <P Name="ZOrder">552</P>
    <P Name="Port">3</P>
  </Block>
  <Line>
    <P Name="ZOrder">44</P>
    <P Name="Src">85#out:1</P>
    <P Name="Dst">393#in:1</P>
  </Line>
  <Line>
    <P Name="ZOrder">45</P>
    <P Name="Src">86#out:1</P>
    <P Name="Dst">393#in:2</P>
  </Line>
  <Line>
    <P Name="ZOrder">46</P>
    <P Name="Src">87#out:1</P>
    <P Name="Dst">393#in:3</P>
  </Line>
  <Line>
    <P Name="ZOrder">47</P>
    <P Name="Src">393#out:1</P>
    <P Name="Dst">298#in:1</P>
  </Line>
  <Line>
    <P Name="ZOrder">48</P>
    <P Name="Src">393#out:2</P>
    <P Name="Dst">113#in:1</P>
  </Line>
  <Line>
    <P Name="ZOrder">49</P>
    <P Name="Src">393#out:3</P>
    <P Name="Dst">481#in:1</P>
  </Line>
</System>
