<?xml version="1.0" encoding="utf-8"?>
<System>
  <P Name="Location">[960, 20, 2880, 1058]</P>
  <P Name="SystemRect">[0.000000, 0.000000, 0.000000, 0.000000]</P>
  <P Name="SetExecutionDomain">off</P>
  <P Name="ExecutionDomainType">Deduce</P>
  <P Name="ScreenColor">white</P>
  <P Name="ZoomFactor">125</P>
  <P Name="SimulinkSubDomain">Simulink</P>
  <Block BlockType="Inport" Name="jerk" SID="338">
    <P Name="Position">[95, 138, 125, 152]</P>
    <P Name="ZOrder">636</P>
  </Block>
  <Block BlockType="Inport" Name="&lt;q_wb&gt;" SID="337">
    <P Name="Position">[95, 88, 125, 102]</P>
    <P Name="ZOrder">635</P>
    <P Name="Port">2</P>
    <Port>
      <P Name="PortNumber">1</P>
      <P Name="PropagatedSignals">q_wb</P>
      <P Name="ShowPropagatedSignals">on</P>
    </Port>
  </Block>
  <Block BlockType="Reference" Name="Quaternion&#xA;Inverse" SID="107">
    <P Name="Ports">[1, 1]</P>
    <P Name="Position">[190, 84, 250, 106]</P>
    <P Name="ZOrder">628</P>
    <P Name="LibraryVersion">1.116</P>
    <P Name="SourceBlock">aerolibutil/Quaternion
Inverse</P>
    <P Name="SourceType">Quaternion Inverse</P>
    <P Name="SourceProductBaseCode">AE</P>
    <InstanceData>
      <P Name="RTWMemSecFuncInitTerm">Inherit from model</P>
      <P Name="RTWMemSecFuncExecute">Inherit from model</P>
      <P Name="RTWMemSecDataConstants">Inherit from model</P>
      <P Name="RTWMemSecDataInternal">Inherit from model</P>
      <P Name="RTWMemSecDataParameters">Inherit from model</P>
      <P Name="ContentPreviewEnabled">on</P>
    </InstanceData>
  </Block>
  <Block BlockType="Reference" Name="Quaternion&#xA;Rotation1" SID="109">
    <P Name="Ports">[2, 1]</P>
    <P Name="Position">[550, 24, 600, 71]</P>
    <P Name="ZOrder">632</P>
    <P Name="LibraryVersion">1.116</P>
    <P Name="SourceBlock">aerolibutil/Quaternion
Rotation</P>
    <P Name="SourceType">Quaternion Rotation</P>
    <P Name="SourceProductBaseCode">AE</P>
    <InstanceData>
      <P Name="RTWMemSecFuncInitTerm">Inherit from model</P>
      <P Name="RTWMemSecFuncExecute">Inherit from model</P>
      <P Name="RTWMemSecDataConstants">Inherit from model</P>
      <P Name="RTWMemSecDataInternal">Inherit from model</P>
      <P Name="RTWMemSecDataParameters">Inherit from model</P>
      <P Name="ContentPreviewEnabled">on</P>
    </InstanceData>
  </Block>
  <Block BlockType="SubSystem" Name="Subsystem1" SID="331">
    <P Name="Ports">[2, 2]</P>
    <P Name="Position">[275, 69, 440, 171]</P>
    <P Name="ZOrder">634</P>
    <P Name="RequestExecContextInheritance">off</P>
    <P Name="ContentPreviewEnabled">on</P>
    <System Ref="system_331"/>
  </Block>
  <Block BlockType="Outport" Name="Thrust" SID="341">
    <P Name="Position">[645, 138, 675, 152]</P>
    <P Name="ZOrder">639</P>
  </Block>
  <Block BlockType="Outport" Name="Omega_w" SID="339">
    <P Name="Position">[645, 43, 675, 57]</P>
    <P Name="ZOrder">637</P>
    <P Name="Port">2</P>
  </Block>
  <Block BlockType="Outport" Name="Omega_b" SID="340">
    <P Name="Position">[645, 88, 675, 102]</P>
    <P Name="ZOrder">638</P>
    <P Name="Port">3</P>
  </Block>
  <Line>
    <P Name="ZOrder">108</P>
    <P Name="Labels">[0, 0]</P>
    <P Name="Src">337#out:1</P>
    <P Name="Points">[36, 0]</P>
    <Branch>
      <P Name="ZOrder">98</P>
      <P Name="Points">[0, -60]</P>
      <P Name="Dst">109#in:1</P>
    </Branch>
    <Branch>
      <P Name="ZOrder">97</P>
      <P Name="Dst">107#in:1</P>
    </Branch>
  </Line>
  <Line>
    <P Name="ZOrder">109</P>
    <P Name="Src">338#out:1</P>
    <P Name="Dst">331#in:2</P>
  </Line>
  <Line>
    <P Name="ZOrder">110</P>
    <P Name="Src">109#out:1</P>
    <P Name="Dst">339#in:1</P>
  </Line>
  <Line>
    <P Name="ZOrder">105</P>
    <P Name="Src">107#out:1</P>
    <P Name="Dst">331#in:1</P>
  </Line>
  <Line>
    <P Name="ZOrder">112</P>
    <P Name="Src">331#out:2</P>
    <P Name="Dst">341#in:1</P>
  </Line>
  <Line>
    <P Name="ZOrder">104</P>
    <P Name="Src">331#out:1</P>
    <P Name="Points">[47, 0]</P>
    <Branch>
      <P Name="ZOrder">111</P>
      <P Name="Dst">340#in:1</P>
    </Branch>
    <Branch>
      <P Name="ZOrder">102</P>
      <P Name="Points">[0, -35]</P>
      <P Name="Dst">109#in:2</P>
    </Branch>
  </Line>
</System>
