<?xml version="1.0" encoding="utf-8"?>
<System>
  <P Name="Location">[106, 86, 1668, 1018]</P>
  <P Name="SystemRect">[0.000000, 0.000000, 0.000000, 0.000000]</P>
  <P Name="SetExecutionDomain">off</P>
  <P Name="ExecutionDomainType">Deduce</P>
  <P Name="ScreenColor">white</P>
  <P Name="ZoomFactor">102</P>
  <P Name="SimulinkSubDomain">Simulink</P>
  <Block BlockType="Inport" Name="force" SID="661">
    <P Name="Position">[20, 358, 50, 372]</P>
    <P Name="ZOrder">306</P>
  </Block>
  <Block BlockType="Constant" Name="Constant" SID="662">
    <P Name="Position">[0, 290, 70, 320]</P>
    <P Name="ZOrder">305</P>
    <P Name="Value">force2torque</P>
  </Block>
  <Block BlockType="Product" Name="Product" SID="663">
    <P Name="Ports">[2, 1]</P>
    <P Name="Position">[225, 297, 255, 328]</P>
    <P Name="ZOrder">304</P>
  </Block>
  <Block BlockType="Outport" Name="torque" SID="664">
    <P Name="Position">[325, 308, 355, 322]</P>
    <P Name="ZOrder">307</P>
  </Block>
  <Line>
    <P Name="ZOrder">1</P>
    <P Name="Src">663#out:1</P>
    <P Name="Dst">664#in:1</P>
  </Line>
  <Line>
    <P Name="ZOrder">2</P>
    <P Name="Src">661#out:1</P>
    <P Name="Points">[83, 0; 0, -45]</P>
    <P Name="Dst">663#in:2</P>
  </Line>
  <Line>
    <P Name="ZOrder">3</P>
    <P Name="Src">662#out:1</P>
    <P Name="Dst">663#in:1</P>
  </Line>
</System>
