<?xml version="1.0" encoding="utf-8"?>
<System>
  <P Name="Location">[960, 20, 2880, 1058]</P>
  <P Name="SystemRect">[0.000000, 0.000000, 0.000000, 0.000000]</P>
  <P Name="Open">on</P>
  <P Name="SetExecutionDomain">off</P>
  <P Name="ExecutionDomainType">Deduce</P>
  <P Name="ScreenColor">white</P>
  <P Name="SimulinkSubDomain">Simulink</P>
  <Block BlockType="Inport" Name="w_Thrust" SID="545">
    <P Name="Position">[5, 8, 35, 22]</P>
    <P Name="ZOrder">16</P>
  </Block>
  <Block BlockType="Inport" Name="w_Ext_F" SID="546">
    <P Name="Position">[20, 303, 50, 317]</P>
    <P Name="ZOrder">21</P>
    <P Name="Port">2</P>
  </Block>
  <Block BlockType="Sum" Name="Add" SID="547">
    <P Name="Ports">[3, 1]</P>
    <P Name="Position">[425, 129, 455, 161]</P>
    <P Name="ZOrder">9</P>
    <P Name="IconShape">rectangular</P>
    <P Name="Inputs">+++</P>
  </Block>
  <Block BlockType="Constant" Name="Constant" SID="548">
    <P Name="Position">[140, 220, 170, 250]</P>
    <P Name="ZOrder">5</P>
    <P Name="Value">G_acc</P>
  </Block>
  <Block BlockType="Gain" Name="Gain" SID="549">
    <P Name="Position">[310, 120, 355, 170]</P>
    <P Name="ZOrder">1</P>
    <P Name="Gain">-1</P>
  </Block>
  <Block BlockType="Gain" Name="Gain1" SID="550">
    <P Name="Position">[75, -20, 145, 50]</P>
    <P Name="ZOrder">2</P>
    <P Name="Gain">1/Mass</P>
  </Block>
  <Block BlockType="Integrator" Name="Integrator" SID="551">
    <P Name="Ports">[1, 1]</P>
    <P Name="Position">[500, 130, 530, 160]</P>
    <P Name="ZOrder">13</P>
    <P Name="InitialCondition">InitialVelocity</P>
    <P Name="ContinuousStateAttributes">&apos;velocity&apos;</P>
  </Block>
  <Block BlockType="Integrator" Name="Integrator1" SID="552">
    <P Name="Ports">[3, 1]</P>
    <P Name="Position">[655, -80, 700, -20]</P>
    <P Name="ZOrder">15</P>
    <P Name="Commented">on</P>
    <P Name="ExternalReset">level</P>
    <P Name="InitialConditionSource">external</P>
    <P Name="InitialCondition">InitialPosition</P>
    <P Name="ContinuousStateAttributes">&apos;position&apos;</P>
  </Block>
  <Block BlockType="Integrator" Name="Integrator2" SID="703">
    <P Name="Ports">[1, 1]</P>
    <P Name="Position">[650, 130, 680, 160]</P>
    <P Name="ZOrder">26</P>
    <P Name="InitialCondition">InitialPosition</P>
    <P Name="ContinuousStateAttributes">&apos;position&apos;</P>
  </Block>
  <Block BlockType="Product" Name="Product" SID="553">
    <P Name="Ports">[2, 1]</P>
    <P Name="Position">[250, 127, 280, 158]</P>
    <P Name="ZOrder">6</P>
  </Block>
  <Block BlockType="SubSystem" Name="Subsystem" SID="554">
    <P Name="Ports">[1, 2]</P>
    <P Name="Position">[650, 28, 710, 72]</P>
    <P Name="ZOrder">25</P>
    <P Name="BlockMirror">on</P>
    <P Name="NameLocation">top</P>
    <P Name="Commented">on</P>
    <P Name="RequestExecContextInheritance">off</P>
    <P Name="ContentPreviewEnabled">on</P>
    <System Ref="system_554"/>
  </Block>
  <Block BlockType="Constant" Name="Zw" SID="562">
    <P Name="Position">[125, 107, 190, 163]</P>
    <P Name="ZOrder">4</P>
    <P Name="Value">[0;0;1]</P>
  </Block>
  <Block BlockType="Outport" Name="w_X" SID="563">
    <P Name="Position">[800, 138, 830, 152]</P>
    <P Name="ZOrder">18</P>
  </Block>
  <Block BlockType="Outport" Name="w_Xd" SID="564">
    <P Name="Position">[800, 313, 830, 327]</P>
    <P Name="ZOrder">19</P>
    <P Name="Port">2</P>
  </Block>
  <Block BlockType="Outport" Name="w_Xdd" SID="565">
    <P Name="Position">[800, 368, 830, 382]</P>
    <P Name="ZOrder">20</P>
    <P Name="Port">3</P>
  </Block>
  <Line>
    <P Name="ZOrder">1</P>
    <P Name="Src">548#out:1</P>
    <P Name="Points">[52, 0; 0, -85]</P>
    <P Name="Dst">553#in:2</P>
  </Line>
  <Line>
    <P Name="ZOrder">2</P>
    <P Name="Src">545#out:1</P>
    <P Name="Dst">550#in:1</P>
  </Line>
  <Line>
    <P Name="ZOrder">3</P>
    <P Name="Src">553#out:1</P>
    <P Name="Dst">549#in:1</P>
  </Line>
  <Line>
    <P Name="ZOrder">4</P>
    <P Name="Src">549#out:1</P>
    <P Name="Dst">547#in:2</P>
  </Line>
  <Line>
    <P Name="ZOrder">8</P>
    <P Name="Src">551#out:1</P>
    <P Name="Points">[12, 0]</P>
    <Branch>
      <P Name="ZOrder">21</P>
      <P Name="Dst">703#in:1</P>
    </Branch>
    <Branch>
      <P Name="ZOrder">10</P>
      <P Name="Points">[0, 175]</P>
      <P Name="Dst">564#in:1</P>
    </Branch>
  </Line>
  <Line>
    <P Name="ZOrder">11</P>
    <P Name="Src">562#out:1</P>
    <P Name="Dst">553#in:1</P>
  </Line>
  <Line>
    <P Name="ZOrder">12</P>
    <P Name="Src">547#out:1</P>
    <P Name="Points">[15, 0]</P>
    <Branch>
      <P Name="ZOrder">13</P>
      <P Name="Dst">551#in:1</P>
    </Branch>
    <Branch>
      <P Name="ZOrder">14</P>
      <P Name="Points">[0, 230]</P>
      <P Name="Dst">565#in:1</P>
    </Branch>
  </Line>
  <Line>
    <P Name="ZOrder">15</P>
    <P Name="Src">550#out:1</P>
    <P Name="Points">[235, 0; 0, 120]</P>
    <P Name="Dst">547#in:1</P>
  </Line>
  <Line>
    <P Name="ZOrder">16</P>
    <P Name="Src">546#out:1</P>
    <P Name="Points">[330, 0; 0, -155]</P>
    <P Name="Dst">547#in:3</P>
  </Line>
  <Line>
    <P Name="ZOrder">17</P>
    <P Name="Src">554#out:2</P>
    <P Name="Points">[-34, 0; 0, -110]</P>
    <P Name="Dst">552#in:2</P>
  </Line>
  <Line>
    <P Name="ZOrder">18</P>
    <P Name="Src">554#out:1</P>
    <P Name="Points">[-14, 0; 0, -70]</P>
    <P Name="Dst">552#in:3</P>
  </Line>
  <Line>
    <P Name="ZOrder">22</P>
    <P Name="Src">703#out:1</P>
    <P Name="Dst">563#in:1</P>
  </Line>
</System>
