<?xml version="1.0" encoding="utf-8"?>
<System>
  <P Name="Location">[74, 35, 1429, 1080]</P>
  <P Name="SystemRect">[0.000000, 0.000000, 0.000000, 0.000000]</P>
  <P Name="SetExecutionDomain">off</P>
  <P Name="ExecutionDomainType">Deduce</P>
  <P Name="ScreenColor">white</P>
  <P Name="ZoomFactor">125</P>
  <P Name="SimulinkSubDomain">Simulink</P>
  <Block BlockType="Inport" Name="u_nominal" SID="400">
    <P Name="Position">[-85, 228, -55, 242]</P>
    <P Name="ZOrder">665</P>
  </Block>
  <Block BlockType="Inport" Name="x_curr" SID="401">
    <P Name="Position">[-85, 253, -55, 267]</P>
    <P Name="ZOrder">666</P>
    <P Name="Port">2</P>
  </Block>
  <Block BlockType="Constant" Name="Constant" SID="305">
    <P Name="Position">[120, 175, 195, 195]</P>
    <P Name="ZOrder">604</P>
    <P Name="FontSize">16</P>
    <P Name="Value">mdl_dt.Ad</P>
  </Block>
  <Block BlockType="Constant" Name="Constant1" SID="306">
    <P Name="Position">[120, 200, 195, 220]</P>
    <P Name="ZOrder">605</P>
    <P Name="FontSize">16</P>
    <P Name="Value">mdl_dt.Bd</P>
  </Block>
  <Block BlockType="Constant" Name="Constant10" SID="361">
    <P Name="Position">[90, 425, 195, 445]</P>
    <P Name="ZOrder">646</P>
    <P Name="FontSize">16</P>
    <P Name="Value">DSets{4}.CIS.A;</P>
  </Block>
  <Block BlockType="Constant" Name="Constant11" SID="362">
    <P Name="Position">[90, 450, 195, 470]</P>
    <P Name="ZOrder">647</P>
    <P Name="FontSize">16</P>
    <P Name="Value">DSets{4}.CIS.b;</P>
  </Block>
  <Block BlockType="Constant" Name="Constant12" SID="363">
    <P Name="Position">[90, 475, 195, 495]</P>
    <P Name="ZOrder">648</P>
    <P Name="FontSize">16</P>
    <P Name="Value">DSets{5}.CIS.A;</P>
  </Block>
  <Block BlockType="Constant" Name="Constant13" SID="364">
    <P Name="Position">[90, 500, 195, 520]</P>
    <P Name="ZOrder">649</P>
    <P Name="FontSize">16</P>
    <P Name="Value">DSets{5}.CIS.b;</P>
  </Block>
  <Block BlockType="Constant" Name="Constant14" SID="413">
    <P Name="Position">[90, 575, 195, 595]</P>
    <P Name="ZOrder">680</P>
    <P Name="FontSize">16</P>
    <P Name="Value">DSets{7}.CIS.A;</P>
  </Block>
  <Block BlockType="Constant" Name="Constant15" SID="414">
    <P Name="Position">[90, 600, 195, 620]</P>
    <P Name="ZOrder">681</P>
    <P Name="FontSize">16</P>
    <P Name="Value">DSets{7}.CIS.b;</P>
  </Block>
  <Block BlockType="Constant" Name="Constant16" SID="415">
    <P Name="Position">[90, 625, 195, 645]</P>
    <P Name="ZOrder">682</P>
    <P Name="FontSize">16</P>
    <P Name="Value">DSets{8}.CIS.A;</P>
  </Block>
  <Block BlockType="Constant" Name="Constant17" SID="416">
    <P Name="Position">[90, 650, 195, 670]</P>
    <P Name="ZOrder">683</P>
    <P Name="FontSize">16</P>
    <P Name="Value">DSets{8}.CIS.b;</P>
  </Block>
  <Block BlockType="Constant" Name="Constant18" SID="417">
    <P Name="Position">[90, 525, 195, 545]</P>
    <P Name="ZOrder">678</P>
    <P Name="FontSize">16</P>
    <P Name="Value">DSets{6}.CIS.A;</P>
  </Block>
  <Block BlockType="Constant" Name="Constant19" SID="418">
    <P Name="Position">[90, 550, 195, 570]</P>
    <P Name="ZOrder">679</P>
    <P Name="FontSize">16</P>
    <P Name="Value">DSets{6}.CIS.b;
</P>
  </Block>
  <Block BlockType="Constant" Name="Constant2" SID="310">
    <P Name="Position">[90, 275, 195, 295]</P>
    <P Name="ZOrder">608</P>
    <P Name="FontSize">16</P>
    <P Name="Value">DSets{1}.CIS.A</P>
  </Block>
  <Block BlockType="Constant" Name="Constant20" SID="419">
    <P Name="Position">[90, 675, 195, 695]</P>
    <P Name="ZOrder">684</P>
    <P Name="FontSize">16</P>
    <P Name="Value">DSets{9}.CIS.A;</P>
  </Block>
  <Block BlockType="Constant" Name="Constant21" SID="420">
    <P Name="Position">[90, 700, 195, 720]</P>
    <P Name="ZOrder">685</P>
    <P Name="FontSize">16</P>
    <P Name="Value">DSets{9}.CIS.b;</P>
  </Block>
  <Block BlockType="Constant" Name="Constant3" SID="311">
    <P Name="Position">[90, 300, 195, 320]</P>
    <P Name="ZOrder">609</P>
    <P Name="FontSize">16</P>
    <P Name="Value">DSets{1}.CIS.b;</P>
  </Block>
  <Block BlockType="Constant" Name="Constant4" SID="312">
    <P Name="Position">[90, 325, 195, 345]</P>
    <P Name="ZOrder">610</P>
    <P Name="FontSize">16</P>
    <P Name="Value">DSets{2}.CIS.A;</P>
  </Block>
  <Block BlockType="Constant" Name="Constant5" SID="313">
    <P Name="Position">[90, 350, 195, 370]</P>
    <P Name="ZOrder">611</P>
    <P Name="FontSize">16</P>
    <P Name="Value">DSets{2}.CIS.b;</P>
  </Block>
  <Block BlockType="Constant" Name="Constant6" SID="314">
    <P Name="Position">[140, 725, 195, 745]</P>
    <P Name="ZOrder">612</P>
    <P Name="FontSize">16</P>
    <P Name="Value">G_u</P>
  </Block>
  <Block BlockType="Constant" Name="Constant7" SID="315">
    <P Name="Position">[140, 750, 195, 770]</P>
    <P Name="ZOrder">613</P>
    <P Name="FontSize">16</P>
    <P Name="Value">F_u</P>
  </Block>
  <Block BlockType="Constant" Name="Constant8" SID="359">
    <P Name="Position">[90, 375, 195, 395]</P>
    <P Name="ZOrder">644</P>
    <P Name="FontSize">16</P>
    <P Name="Value">DSets{3}.CIS.A;</P>
  </Block>
  <Block BlockType="Constant" Name="Constant9" SID="360">
    <P Name="Position">[90, 400, 195, 420]</P>
    <P Name="ZOrder">645</P>
    <P Name="FontSize">16</P>
    <P Name="Value">DSets{3}.CIS.b;</P>
  </Block>
  <Block BlockType="SubSystem" Name="MATLAB Function1" SID="382">
    <P Name="Ports">[24, 3]</P>
    <P Name="Position">[230, 178, 415, 767]</P>
    <P Name="ZOrder">664</P>
    <P Name="FontSize">16</P>
    <P Name="ErrorFcn">Stateflow.Translate.translate</P>
    <P Name="PermitHierarchicalResolution">ExplicitOnly</P>
    <P Name="TreatAsAtomicUnit">on</P>
    <P Name="RequestExecContextInheritance">off</P>
    <P Name="SFBlockType">MATLAB Function</P>
    <P Name="ContentPreviewEnabled">on</P>
    <Port>
      <P Name="PortNumber">1</P>
      <P Name="Name">u_corrected</P>
      <P Name="PropagatedSignals">u</P>
    </Port>
    <System Ref="system_382"/>
  </Block>
  <Block BlockType="Outport" Name="u_corrected" SID="410">
    <P Name="Position">[600, 273, 630, 287]</P>
    <P Name="ZOrder">675</P>
  </Block>
  <Block BlockType="Outport" Name="active" SID="411">
    <P Name="Position">[600, 468, 630, 482]</P>
    <P Name="ZOrder">676</P>
    <P Name="Port">2</P>
  </Block>
  <Block BlockType="Outport" Name="region" SID="412">
    <P Name="Position">[600, 663, 630, 677]</P>
    <P Name="ZOrder">677</P>
    <P Name="Port">3</P>
  </Block>
  <Line>
    <P Name="ZOrder">656</P>
    <P Name="Src">417#out:1</P>
    <P Name="Dst">382#in:15</P>
  </Line>
  <Line>
    <P Name="ZOrder">249</P>
    <P Name="Src">364#out:1</P>
    <P Name="Dst">382#in:14</P>
  </Line>
  <Line>
    <P Name="ZOrder">265</P>
    <P Name="Src">361#out:1</P>
    <P Name="Dst">382#in:11</P>
  </Line>
  <Line>
    <P Name="ZOrder">254</P>
    <P Name="Src">306#out:1</P>
    <P Name="Dst">382#in:2</P>
  </Line>
  <Line>
    <P Name="ZOrder">264</P>
    <P Name="Src">362#out:1</P>
    <P Name="Dst">382#in:12</P>
  </Line>
  <Line>
    <P Name="ZOrder">257</P>
    <P Name="Src">360#out:1</P>
    <P Name="Dst">382#in:10</P>
  </Line>
  <Line>
    <P Name="ZOrder">658</P>
    <P Name="Src">413#out:1</P>
    <P Name="Dst">382#in:17</P>
  </Line>
  <Line>
    <P Name="ZOrder">260</P>
    <P Name="Src">311#out:1</P>
    <P Name="Dst">382#in:6</P>
  </Line>
  <Line>
    <P Name="ZOrder">661</P>
    <P Name="Src">416#out:1</P>
    <P Name="Dst">382#in:20</P>
  </Line>
  <Line>
    <P Name="ZOrder">663</P>
    <P Name="Src">420#out:1</P>
    <P Name="Dst">382#in:22</P>
  </Line>
  <Line>
    <P Name="ZOrder">657</P>
    <P Name="Src">418#out:1</P>
    <P Name="Dst">382#in:16</P>
  </Line>
  <Line>
    <P Name="ZOrder">258</P>
    <P Name="Src">313#out:1</P>
    <P Name="Dst">382#in:8</P>
  </Line>
  <Line>
    <P Name="Name">u_corrected</P>
    <P Name="FontSize">14</P>
    <P Name="ZOrder">652</P>
    <P Name="Labels">[-1, 0]</P>
    <P Name="Src">382#out:1</P>
    <P Name="Dst">410#in:1</P>
  </Line>
  <Line>
    <P Name="ZOrder">263</P>
    <P Name="Src">310#out:1</P>
    <P Name="Dst">382#in:5</P>
  </Line>
  <Line>
    <P Name="ZOrder">660</P>
    <P Name="Src">415#out:1</P>
    <P Name="Dst">382#in:19</P>
  </Line>
  <Line>
    <P Name="ZOrder">251</P>
    <P Name="Src">359#out:1</P>
    <P Name="Dst">382#in:9</P>
  </Line>
  <Line>
    <P Name="ZOrder">662</P>
    <P Name="Src">419#out:1</P>
    <P Name="Dst">382#in:21</P>
  </Line>
  <Line>
    <P Name="ZOrder">643</P>
    <P Name="Src">401#out:1</P>
    <P Name="Dst">382#in:4</P>
  </Line>
  <Line>
    <P Name="ZOrder">642</P>
    <P Name="Src">400#out:1</P>
    <P Name="Dst">382#in:3</P>
  </Line>
  <Line>
    <P Name="ZOrder">266</P>
    <P Name="Src">305#out:1</P>
    <P Name="Dst">382#in:1</P>
  </Line>
  <Line>
    <P Name="ZOrder">653</P>
    <P Name="Src">382#out:2</P>
    <P Name="Dst">411#in:1</P>
  </Line>
  <Line>
    <P Name="ZOrder">654</P>
    <P Name="Src">382#out:3</P>
    <P Name="Dst">412#in:1</P>
  </Line>
  <Line>
    <P Name="ZOrder">267</P>
    <P Name="Src">315#out:1</P>
    <P Name="Dst">382#in:24</P>
  </Line>
  <Line>
    <P Name="ZOrder">261</P>
    <P Name="Src">312#out:1</P>
    <P Name="Dst">382#in:7</P>
  </Line>
  <Line>
    <P Name="ZOrder">659</P>
    <P Name="Src">414#out:1</P>
    <P Name="Dst">382#in:18</P>
  </Line>
  <Line>
    <P Name="ZOrder">255</P>
    <P Name="Src">363#out:1</P>
    <P Name="Dst">382#in:13</P>
  </Line>
  <Line>
    <P Name="ZOrder">252</P>
    <P Name="Src">314#out:1</P>
    <P Name="Dst">382#in:23</P>
  </Line>
</System>
