<?xml version="1.0" encoding="utf-8"?>
<System>
  <P Name="Location">[0, 20, 1920, 1058]</P>
  <P Name="SystemRect">[0.000000, 0.000000, 0.000000, 0.000000]</P>
  <P Name="SetExecutionDomain">off</P>
  <P Name="ExecutionDomainType">Deduce</P>
  <P Name="ScreenColor">white</P>
  <P Name="SimulinkSubDomain">Simulink</P>
  <Block BlockType="Inport" Name="b_Thrust" SID="10">
    <P Name="Position">[-305, -37, -275, -23]</P>
    <P Name="ZOrder">21</P>
  </Block>
  <Block BlockType="Inport" Name="Angvel_ref" SID="11">
    <P Name="Position">[-280, 318, -250, 332]</P>
    <P Name="ZOrder">23</P>
    <P Name="Port">2</P>
  </Block>
  <Block BlockType="SubSystem" Name="Angular Motion" SID="12">
    <P Name="Ports">[1, 2]</P>
    <P Name="Position">[70, 255, 255, 395]</P>
    <P Name="ZOrder">20</P>
    <P Name="RequestExecContextInheritance">off</P>
    <P Name="ContentPreviewEnabled">on</P>
    <Mask>
      <Display RunInitForIconRedraw="off"/>
      <MaskParameter Name="InertiaMatrix" Type="edit">
        <Prompt>Vehicle Inertia Matrix</Prompt>
        <Value>InertiaMatrix</Value>
      </MaskParameter>
      <MaskParameter Name="Inv_InertiaMatrix" Type="edit">
        <Prompt>Vehicle Inertia Matrix(Inverse)</Prompt>
        <Value>Inv_InertiaMatrix</Value>
      </MaskParameter>
      <MaskParameter Name="InitialAngularVelocity" Type="edit">
        <Prompt>Initial Angular Velocity</Prompt>
        <Value>zeros(3,1)</Value>
      </MaskParameter>
      <DialogControl Type="Group" Name="DescGroupVar">
        <Prompt>%&lt;MaskType&gt;</Prompt>
        <DialogControl Type="Text" Name="DescTextVar">
          <Prompt>%&lt;MaskDescription&gt;</Prompt>
        </DialogControl>
      </DialogControl>
      <DialogControl Type="Group" Name="ParameterGroupVar">
        <Prompt>Simulink:studio:ToolBarParametersMenu</Prompt>
        <DialogControl Type="Edit" Name="InertiaMatrix">
          <Prompt>Vehicle Inertia Matrix</Prompt>
          <ControlOptions PromptLocation="left"/>
        </DialogControl>
        <DialogControl Type="Edit" Name="Inv_InertiaMatrix">
          <Prompt>Vehicle Inertia Matrix(Inverse)</Prompt>
          <ControlOptions PromptLocation="left"/>
        </DialogControl>
        <DialogControl Type="Edit" Name="InitialAngularVelocity">
          <Prompt>Initial Angular Velocity</Prompt>
          <ControlOptions PromptLocation="left"/>
        </DialogControl>
      </DialogControl>
    </Mask>
    <Port>
      <P Name="PortNumber">1</P>
      <P Name="Name">q_wb</P>
      <P Name="PropagatedSignals">y</P>
    </Port>
    <Port>
      <P Name="PortNumber">2</P>
      <P Name="Name">rpy</P>
    </Port>
    <System Ref="system_12"/>
  </Block>
  <Block BlockType="BusCreator" Name="Bus&#xA;Creator4" SID="1">
    <P Name="Ports">[3, 1]</P>
    <P Name="Position">[415, -35, 420, 45]</P>
    <P Name="ZOrder">581</P>
    <P Name="ShowName">off</P>
    <P Name="Inputs">3</P>
    <P Name="DisplayOption">bar</P>
    <P Name="InheritFromInputs">on</P>
  </Block>
  <Block BlockType="BusCreator" Name="Bus&#xA;Creator5" SID="2">
    <P Name="Ports">[2, 1]</P>
    <P Name="Position">[430, 305, 435, 380]</P>
    <P Name="ZOrder">582</P>
    <P Name="ShowName">off</P>
    <P Name="Inputs">2</P>
    <P Name="DisplayOption">bar</P>
    <P Name="InheritFromInputs">on</P>
  </Block>
  <Block BlockType="Gain" Name="Gain" SID="24">
    <P Name="Position">[-220, -53, -170, -7]</P>
    <P Name="ZOrder">125</P>
    <P Name="Gain">[0; 0; 1]</P>
  </Block>
  <Block BlockType="SubSystem" Name="Linear Motion" SID="25">
    <P Name="Ports">[2, 3]</P>
    <P Name="Position">[95, -34, 230, 44]</P>
    <P Name="ZOrder">19</P>
    <P Name="RequestExecContextInheritance">off</P>
    <P Name="ContentPreviewEnabled">on</P>
    <Mask>
      <Display RunInitForIconRedraw="off"/>
      <MaskParameter Name="Mass" Type="edit">
        <Prompt>Vehicle Mass</Prompt>
        <Value>Mass</Value>
      </MaskParameter>
      <MaskParameter Name="InitialPosition" Type="edit">
        <Prompt>Initial Position</Prompt>
        <Value>x0(1:3);</Value>
      </MaskParameter>
      <MaskParameter Name="InitialVelocity" Type="edit">
        <Prompt>Initial Velocity</Prompt>
        <Value>x0(4:6);</Value>
      </MaskParameter>
      <DialogControl Type="Group" Name="DescGroupVar">
        <Prompt>%&lt;MaskType&gt;</Prompt>
        <DialogControl Type="Text" Name="DescTextVar">
          <Prompt>%&lt;MaskDescription&gt;</Prompt>
        </DialogControl>
      </DialogControl>
      <DialogControl Type="Group" Name="ParameterGroupVar">
        <Prompt>Simulink:studio:ToolBarParametersMenu</Prompt>
        <DialogControl Type="Edit" Name="Mass">
          <Prompt>Vehicle Mass</Prompt>
          <ControlOptions PromptLocation="left"/>
        </DialogControl>
        <DialogControl Type="Edit" Name="InitialPosition">
          <Prompt>Initial Position</Prompt>
          <ControlOptions PromptLocation="left"/>
        </DialogControl>
        <DialogControl Type="Edit" Name="InitialVelocity">
          <Prompt>Initial Velocity</Prompt>
          <ControlOptions PromptLocation="left"/>
        </DialogControl>
      </DialogControl>
    </Mask>
    <Port>
      <P Name="PortNumber">1</P>
      <P Name="Name">w_position</P>
    </Port>
    <Port>
      <P Name="PortNumber">2</P>
      <P Name="Name">w_velocity</P>
    </Port>
    <Port>
      <P Name="PortNumber">3</P>
      <P Name="Name">w_acceleration</P>
    </Port>
    <System Ref="system_25"/>
  </Block>
  <Block BlockType="SubSystem" Name="Linear Motion Drag Model1" SID="47">
    <P Name="Ports">[1, 1]</P>
    <P Name="Position">[110, 92, 220, 138]</P>
    <P Name="ZOrder">128</P>
    <P Name="BlockMirror">on</P>
    <P Name="NameLocation">top</P>
    <P Name="RequestExecContextInheritance">off</P>
    <P Name="ContentPreviewEnabled">on</P>
    <Mask>
      <Display RunInitForIconRedraw="off"/>
      <MaskParameter Name="drag_linear" Type="edit">
        <Prompt>Linear Drag coeff</Prompt>
        <Value>linear_drag_coef</Value>
      </MaskParameter>
      <MaskParameter Name="drag_quadratic" Type="edit">
        <Prompt>Quadratic Drag coeff</Prompt>
        <Value>quat_drag_coef</Value>
      </MaskParameter>
      <DialogControl Type="Group" Name="DescGroupVar">
        <Prompt>%&lt;MaskType&gt;</Prompt>
        <DialogControl Type="Text" Name="DescTextVar">
          <Prompt>%&lt;MaskDescription&gt;</Prompt>
        </DialogControl>
      </DialogControl>
      <DialogControl Type="Group" Name="ParameterGroupVar">
        <Prompt>Simulink:studio:ToolBarParametersMenu</Prompt>
        <DialogControl Type="Edit" Name="drag_linear">
          <Prompt>Linear Drag coeff</Prompt>
          <ControlOptions PromptLocation="left"/>
        </DialogControl>
        <DialogControl Type="Edit" Name="drag_quadratic">
          <Prompt>Quadratic Drag coeff</Prompt>
          <ControlOptions PromptLocation="left"/>
        </DialogControl>
      </DialogControl>
    </Mask>
    <System Ref="system_47"/>
  </Block>
  <Block BlockType="SubSystem" Name="MATLAB Function" SID="74">
    <P Name="Ports">[2, 1]</P>
    <P Name="Position">[-115, -41, -25, 6]</P>
    <P Name="ZOrder">124</P>
    <P Name="ErrorFcn">Stateflow.Translate.translate</P>
    <P Name="PermitHierarchicalResolution">ExplicitOnly</P>
    <P Name="TreatAsAtomicUnit">on</P>
    <P Name="RequestExecContextInheritance">off</P>
    <P Name="SFBlockType">MATLAB Function</P>
    <P Name="ContentPreviewEnabled">on</P>
    <System Ref="system_74"/>
  </Block>
  <Block BlockType="Outport" Name="Translational_State" SID="299">
    <P Name="Position">[480, -2, 510, 12]</P>
    <P Name="ZOrder">583</P>
  </Block>
  <Block BlockType="Outport" Name="Orientation_State" SID="300">
    <P Name="Position">[480, 338, 510, 352]</P>
    <P Name="ZOrder">584</P>
    <P Name="Port">2</P>
  </Block>
  <Line>
    <P Name="ZOrder">4</P>
    <P Name="Src">11#out:1</P>
    <P Name="Dst">12#in:1</P>
  </Line>
  <Line>
    <P Name="ZOrder">5</P>
    <P Name="Src">10#out:1</P>
    <P Name="Dst">24#in:1</P>
  </Line>
  <Line>
    <P Name="ZOrder">9</P>
    <P Name="Src">47#out:1</P>
    <P Name="Points">[-65, 0; 0, -90]</P>
    <P Name="Dst">25#in:2</P>
  </Line>
  <Line>
    <P Name="ZOrder">13</P>
    <P Name="Src">24#out:1</P>
    <P Name="Dst">74#in:1</P>
  </Line>
  <Line>
    <P Name="ZOrder">14</P>
    <P Name="Src">74#out:1</P>
    <P Name="Dst">25#in:1</P>
  </Line>
  <Line>
    <P Name="Name">rpy</P>
    <P Name="ZOrder">8</P>
    <P Name="Labels">[1, 0]</P>
    <P Name="Src">12#out:2</P>
    <P Name="Dst">2#in:2</P>
  </Line>
  <Line>
    <P Name="Name">w_velocity</P>
    <P Name="ZOrder">1</P>
    <P Name="Src">25#out:2</P>
    <P Name="Points">[39, 0]</P>
    <Branch>
      <P Name="ZOrder">40</P>
      <P Name="Labels">[1, 1]</P>
      <P Name="Dst">1#in:2</P>
    </Branch>
    <Branch>
      <P Name="ZOrder">39</P>
      <P Name="Points">[0, 110]</P>
      <P Name="Dst">47#in:1</P>
    </Branch>
  </Line>
  <Line>
    <P Name="ZOrder">35</P>
    <P Name="Src">2#out:1</P>
    <P Name="Dst">300#in:1</P>
  </Line>
  <Line>
    <P Name="ZOrder">34</P>
    <P Name="Src">1#out:1</P>
    <P Name="Dst">299#in:1</P>
  </Line>
  <Line>
    <P Name="Name">q_wb</P>
    <P Name="ZOrder">10</P>
    <P Name="Src">12#out:1</P>
    <P Name="Points">[37, 0]</P>
    <Branch>
      <P Name="ZOrder">41</P>
      <P Name="Labels">[2, 1]</P>
      <P Name="Points">[0, 35]</P>
      <P Name="Dst">2#in:1</P>
    </Branch>
    <Branch>
      <P Name="ZOrder">33</P>
      <P Name="Points">[0, -123; -436, 0; 0, -172]</P>
      <P Name="Dst">74#in:2</P>
    </Branch>
  </Line>
  <Line>
    <P Name="Name">w_acceleration</P>
    <P Name="ZOrder">6</P>
    <P Name="Labels">[1, 1]</P>
    <P Name="Src">25#out:3</P>
    <P Name="Dst">1#in:3</P>
  </Line>
  <Line>
    <P Name="Name">w_position</P>
    <P Name="ZOrder">22</P>
    <P Name="Labels">[1, 1]</P>
    <P Name="Src">25#out:1</P>
    <P Name="Dst">1#in:1</P>
  </Line>
  <Annotation SID="82">
    <P Name="Name">&lt;!DOCTYPE HTML PUBLIC &quot;-//W3C//DTD HTML 4.0//EN&quot; &quot;http://www.w3.org/TR/REC-html40/strict.dtd&quot;&gt;
&lt;html&gt;&lt;head&gt;&lt;meta name=&quot;qrichtext&quot; content=&quot;1&quot; /&gt;&lt;style type=&quot;text/css&quot;&gt;
p, li { white-space: pre-wrap; }
&lt;/style&gt;&lt;/head&gt;&lt;body align=&quot;left&quot; style=&quot; font-family:&apos;.AppleSystemUIFont&apos;; font-size:12px; font-weight:400; font-style:normal;&quot;&gt;
&lt;p align=&quot;left&quot; style=&quot; margin-top:0px; margin-bottom:0px; margin-left:0px; margin-right:0px; -qt-block-indent:0; text-indent:0px;&quot;&gt;&lt;span style=&quot; font-size:12px;&quot;&gt;The integration of the rotative motion is done in body frame. Anyway, the output quaternion is the one that maps local quantities into global.&lt;/span&gt;&lt;/p&gt;&lt;/body&gt;&lt;/html&gt;</P>
    <P Name="Position">[15, 422, 309, 474]</P>
    <P Name="InternalMargins">[0, 0, 0, 0]</P>
    <P Name="FixedHeight">on</P>
    <P Name="FixedWidth">on</P>
    <P Name="Interpreter">rich</P>
    <P Name="ZOrder">-1</P>
  </Annotation>
  <Annotation SID="81">
    <P Name="Name">&lt;!DOCTYPE HTML PUBLIC &quot;-//W3C//DTD HTML 4.0//EN&quot; &quot;http://www.w3.org/TR/REC-html40/strict.dtd&quot;&gt;
&lt;html&gt;&lt;head&gt;&lt;meta name=&quot;qrichtext&quot; content=&quot;1&quot; /&gt;&lt;style type=&quot;text/css&quot;&gt;
p, li { white-space: pre-wrap; }
&lt;/style&gt;&lt;/head&gt;&lt;body align=&quot;left&quot; style=&quot; font-family:&apos;.AppleSystemUIFont&apos;; font-size:12px; font-weight:400; font-style:normal;&quot;&gt;
&lt;p align=&quot;left&quot; style=&quot; margin-top:0px; margin-bottom:0px; margin-left:0px; margin-right:0px; -qt-block-indent:0; text-indent:0px;&quot;&gt;&lt;span style=&quot; font-size:12px;&quot;&gt;The integration of the linear motion is done in Inertial frame&lt;/span&gt;&lt;/p&gt;&lt;/body&gt;&lt;/html&gt;</P>
    <P Name="Position">[50, -103, 276, -61]</P>
    <P Name="InternalMargins">[0, 0, 0, 0]</P>
    <P Name="FixedHeight">on</P>
    <P Name="FixedWidth">on</P>
    <P Name="Interpreter">rich</P>
    <P Name="ZOrder">-2</P>
  </Annotation>
  <Annotation SID="80">
    <P Name="Name">&lt;!DOCTYPE HTML PUBLIC &quot;-//W3C//DTD HTML 4.0//EN&quot; &quot;http://www.w3.org/TR/REC-html40/strict.dtd&quot;&gt;
&lt;html&gt;&lt;head&gt;&lt;meta name=&quot;qrichtext&quot; content=&quot;1&quot; /&gt;&lt;style type=&quot;text/css&quot;&gt;
p, li { white-space: pre-wrap; }
&lt;/style&gt;&lt;/head&gt;&lt;body align=&quot;left&quot; style=&quot; font-family:&apos;Helvetica&apos;; font-size:10px; font-weight:400; font-style:normal;&quot;&gt;
&lt;p align=&quot;left&quot; style=&quot; margin-top:0px; margin-bottom:0px; margin-left:0px; margin-right:0px; -qt-block-indent:0; text-indent:0px;&quot;&gt;&lt;span style=&quot; font-size:12px;&quot;&gt;The thurst is alligned with the Zb axis of the vehicle&lt;/span&gt;&lt;/p&gt;&lt;/body&gt;&lt;/html&gt;</P>
    <P Name="Position">[-286, -101, -138, -62]</P>
    <P Name="InternalMargins">[0, 0, 0, 0]</P>
    <P Name="FixedHeight">on</P>
    <P Name="FixedWidth">on</P>
    <P Name="Interpreter">rich</P>
    <P Name="ZOrder">-3</P>
  </Annotation>
</System>
