<?xml version="1.0" encoding="utf-8"?>
<System>
  <P Name="Location">[74, 35, 1994, 1073]</P>
  <P Name="SystemRect">[0.000000, 0.000000, 0.000000, 0.000000]</P>
  <P Name="SetExecutionDomain">off</P>
  <P Name="ExecutionDomainType">Deduce</P>
  <P Name="ScreenColor">white</P>
  <P Name="ZoomFactor">106</P>
  <P Name="SimulinkSubDomain">Simulink</P>
  <Block BlockType="Inport" Name="Ang_input" SID="13">
    <P Name="Position">[570, 133, 600, 147]</P>
    <P Name="ZOrder">16</P>
  </Block>
  <Block BlockType="SubSystem" Name="MATLAB Function1" SID="14">
    <P Name="Ports">[1, 1]</P>
    <P Name="Position">[925, 102, 995, 148]</P>
    <P Name="ZOrder">37</P>
    <P Name="ErrorFcn">Stateflow.Translate.translate</P>
    <P Name="PermitHierarchicalResolution">ExplicitOnly</P>
    <P Name="TreatAsAtomicUnit">on</P>
    <P Name="RequestExecContextInheritance">off</P>
    <P Name="SFBlockType">MATLAB Function</P>
    <P Name="ContentPreviewEnabled">on</P>
    <System Ref="system_14"/>
  </Block>
  <Block BlockType="SubSystem" Name="Omega2QuatDot" SID="15">
    <P Name="Ports">[2, 1]</P>
    <P Name="Position">[725, 96, 820, 154]</P>
    <P Name="ZOrder">29</P>
    <P Name="RequestExecContextInheritance">off</P>
    <P Name="ContentPreviewEnabled">on</P>
    <System Ref="system_15"/>
  </Block>
  <Block BlockType="Reference" Name="Quaternions to Rotation Angles" SID="20">
    <P Name="Ports">[1, 1]</P>
    <P Name="Position">[1050, 199, 1150, 241]</P>
    <P Name="ZOrder">38</P>
    <P Name="AttributesFormatString">Rotation Order: %&lt;rotationOrder&gt;</P>
    <P Name="LibraryVersion">4.0</P>
    <P Name="SourceBlock">sharedtransform/Quaternions to Rotation Angles</P>
    <P Name="SourceType">Quat2Ang</P>
    <P Name="SourceProductBaseCode">AE,PW,MT,UV,VE,VP</P>
    <InstanceData>
      <P Name="RTWMemSecFuncInitTerm">Inherit from model</P>
      <P Name="RTWMemSecFuncExecute">Inherit from model</P>
      <P Name="RTWMemSecDataConstants">Inherit from model</P>
      <P Name="RTWMemSecDataInternal">Inherit from model</P>
      <P Name="RTWMemSecDataParameters">Inherit from model</P>
      <P Name="ContentPreviewEnabled">on</P>
      <P Name="rotationOrder">XYZ</P>
      <P Name="aMode">aMode</P>
    </InstanceData>
  </Block>
  <Block BlockType="Integrator" Name="q_dot2q" SID="21">
    <P Name="Ports">[1, 1]</P>
    <P Name="Position">[845, 110, 875, 140]</P>
    <P Name="ZOrder">31</P>
    <P Name="InitialCondition">q0</P>
  </Block>
  <Block BlockType="Outport" Name="Quaternion" SID="22">
    <P Name="Position">[1065, 118, 1095, 132]</P>
    <P Name="ZOrder">30</P>
  </Block>
  <Block BlockType="Outport" Name="RPY" SID="23">
    <P Name="Position">[1195, 213, 1225, 227]</P>
    <P Name="ZOrder">39</P>
    <P Name="Port">2</P>
  </Block>
  <Line>
    <P Name="ZOrder">1</P>
    <P Name="Src">15#out:1</P>
    <P Name="Dst">21#in:1</P>
  </Line>
  <Line>
    <P Name="ZOrder">2</P>
    <P Name="Src">21#out:1</P>
    <P Name="Dst">14#in:1</P>
  </Line>
  <Line>
    <P Name="ZOrder">3</P>
    <P Name="Src">14#out:1</P>
    <P Name="Points">[19, 0]</P>
    <Branch>
      <P Name="ZOrder">4</P>
      <P Name="Points">[0, 95]</P>
      <P Name="Dst">20#in:1</P>
    </Branch>
    <Branch>
      <P Name="ZOrder">5</P>
      <P Name="Points">[0, -53; -322, 0; 0, 38]</P>
      <P Name="Dst">15#in:1</P>
    </Branch>
    <Branch>
      <P Name="ZOrder">6</P>
      <P Name="Dst">22#in:1</P>
    </Branch>
  </Line>
  <Line>
    <P Name="ZOrder">7</P>
    <P Name="Src">20#out:1</P>
    <P Name="Dst">23#in:1</P>
  </Line>
  <Line>
    <P Name="ZOrder">8</P>
    <P Name="Src">13#out:1</P>
    <P Name="Dst">15#in:2</P>
  </Line>
</System>
