<?xml version="1.0" encoding="utf-8"?>
<System>
  <P Name="Location">[156, 97, 2233, 1360]</P>
  <P Name="SystemRect">[0.000000, 0.000000, 0.000000, 0.000000]</P>
  <P Name="SetExecutionDomain">off</P>
  <P Name="ExecutionDomainType">Deduce</P>
  <P Name="ScreenColor">white</P>
  <P Name="ZoomFactor">150</P>
  <P Name="SimulinkSubDomain">Simulink</P>
  <Block BlockType="Inport" Name="cmd" SID="633">
    <P Name="Position">[-10, 28, 20, 42]</P>
    <P Name="ZOrder">316</P>
  </Block>
  <Block BlockType="Polyval" Name="Polynomial" SID="634">
    <P Name="Position">[70, 20, 130, 50]</P>
    <P Name="ZOrder">314</P>
    <P Name="Coefs">polynomial_model</P>
  </Block>
  <Block BlockType="Saturate" Name="Saturation" SID="635">
    <P Name="Position">[160, 20, 190, 50]</P>
    <P Name="ZOrder">315</P>
    <P Name="UpperLimit">Force_Upperbound</P>
    <P Name="LowerLimit">0</P>
  </Block>
  <Block BlockType="Outport" Name="force" SID="636">
    <P Name="Position">[220, 28, 250, 42]</P>
    <P Name="ZOrder">317</P>
  </Block>
  <Line>
    <P Name="ZOrder">1</P>
    <P Name="Src">633#out:1</P>
    <P Name="Dst">634#in:1</P>
  </Line>
  <Line>
    <P Name="ZOrder">2</P>
    <P Name="Src">635#out:1</P>
    <P Name="Dst">636#in:1</P>
  </Line>
  <Line>
    <P Name="ZOrder">3</P>
    <P Name="Src">634#out:1</P>
    <P Name="Dst">635#in:1</P>
  </Line>
</System>
