<?xml version="1.0" encoding="utf-8"?>
<System>
  <P Name="Location">[138, 65, 2215, 1328]</P>
  <P Name="SystemRect">[0.000000, 0.000000, 0.000000, 0.000000]</P>
  <P Name="SetExecutionDomain">off</P>
  <P Name="ExecutionDomainType">Deduce</P>
  <P Name="ScreenColor">white</P>
  <P Name="ZoomFactor">245</P>
  <P Name="SimulinkSubDomain">Simulink</P>
  <Block BlockType="Inport" Name="q" SID="525">
    <P Name="Position">[30, 133, 60, 147]</P>
    <P Name="ZOrder">-1</P>
  </Block>
  <Block BlockType="Inport" Name="AngularVelocity" SID="526">
    <P Name="Position">[30, 73, 60, 87]</P>
    <P Name="ZOrder">1</P>
    <P Name="Port">2</P>
  </Block>
  <Block BlockType="SubSystem" Name="MATLAB Function" SID="527">
    <P Name="Ports">[2, 1]</P>
    <P Name="Position">[130, 96, 270, 154]</P>
    <P Name="ZOrder">2</P>
    <P Name="ErrorFcn">Stateflow.Translate.translate</P>
    <P Name="PermitHierarchicalResolution">ExplicitOnly</P>
    <P Name="TreatAsAtomicUnit">on</P>
    <P Name="RequestExecContextInheritance">off</P>
    <P Name="SFBlockType">MATLAB Function</P>
    <P Name="ContentPreviewEnabled">on</P>
    <System Ref="system_527"/>
  </Block>
  <Block BlockType="Outport" Name="q_dot" SID="528">
    <P Name="Position">[330, 118, 360, 132]</P>
    <P Name="ZOrder">-2</P>
  </Block>
  <Line>
    <P Name="ZOrder">1</P>
    <P Name="Src">527#out:1</P>
    <P Name="Dst">528#in:1</P>
  </Line>
  <Line>
    <P Name="ZOrder">2</P>
    <P Name="Src">525#out:1</P>
    <P Name="Dst">527#in:2</P>
  </Line>
  <Line>
    <P Name="ZOrder">3</P>
    <P Name="Src">526#out:1</P>
    <P Name="Points">[38, 0; 0, 30]</P>
    <P Name="Dst">527#in:1</P>
  </Line>
</System>
