<?xml version="1.0" encoding="utf-8"?>
<System>
  <P Name="Location">[223, 338, 826, 833]</P>
  <P Name="SystemRect">[0.000000, 0.000000, 0.000000, 0.000000]</P>
  <P Name="SetExecutionDomain">off</P>
  <P Name="ExecutionDomainType">Deduce</P>
  <P Name="ScreenColor">white</P>
  <P Name="SIDHighWatermark">38</P>
  <P Name="SimulinkSubDomain">Simulink</P>
  <Block BlockType="Inport" Name="Ad" SID="303::1">
    <P Name="Position">[20, 101, 40, 119]</P>
    <P Name="ZOrder">-1</P>
  </Block>
  <Block BlockType="Inport" Name="Bd" SID="303::22">
    <P Name="Position">[20, 136, 40, 154]</P>
    <P Name="ZOrder">13</P>
    <P Name="Port">2</P>
  </Block>
  <Block BlockType="Inport" Name="U_des" SID="303::23">
    <P Name="Position">[20, 171, 40, 189]</P>
    <P Name="ZOrder">14</P>
    <P Name="Port">3</P>
  </Block>
  <Block BlockType="Inport" Name="x_curr" SID="303::24">
    <P Name="Position">[20, 206, 40, 224]</P>
    <P Name="ZOrder">15</P>
    <P Name="Port">4</P>
  </Block>
  <Block BlockType="Inport" Name="Acis1" SID="303::25">
    <P Name="Position">[20, 246, 40, 264]</P>
    <P Name="ZOrder">16</P>
    <P Name="Port">5</P>
  </Block>
  <Block BlockType="Inport" Name="bcis1" SID="303::26">
    <P Name="Position">[20, 281, 40, 299]</P>
    <P Name="ZOrder">17</P>
    <P Name="Port">6</P>
  </Block>
  <Block BlockType="Inport" Name="Acis2" SID="303::27">
    <P Name="Position">[20, 316, 40, 334]</P>
    <P Name="ZOrder">18</P>
    <P Name="Port">7</P>
  </Block>
  <Block BlockType="Inport" Name="bcis2" SID="303::28">
    <P Name="Position">[20, 351, 40, 369]</P>
    <P Name="ZOrder">19</P>
    <P Name="Port">8</P>
  </Block>
  <Block BlockType="Inport" Name="Acis3" SID="303::32">
    <P Name="Position">[20, 386, 40, 404]</P>
    <P Name="ZOrder">23</P>
    <P Name="Port">9</P>
  </Block>
  <Block BlockType="Inport" Name="bcis3" SID="303::33">
    <P Name="Position">[20, 426, 40, 444]</P>
    <P Name="ZOrder">24</P>
    <P Name="Port">10</P>
  </Block>
  <Block BlockType="Inport" Name="Acis4" SID="303::34">
    <P Name="Position">[20, 461, 40, 479]</P>
    <P Name="ZOrder">25</P>
    <P Name="Port">11</P>
  </Block>
  <Block BlockType="Inport" Name="bcis4" SID="303::35">
    <P Name="Position">[20, 496, 40, 514]</P>
    <P Name="ZOrder">26</P>
    <P Name="Port">12</P>
  </Block>
  <Block BlockType="Inport" Name="Acis5" SID="303::36">
    <P Name="Position">[20, 531, 40, 549]</P>
    <P Name="ZOrder">27</P>
    <P Name="Port">13</P>
  </Block>
  <Block BlockType="Inport" Name="bcis5" SID="303::37">
    <P Name="Position">[20, 566, 40, 584]</P>
    <P Name="ZOrder">28</P>
    <P Name="Port">14</P>
  </Block>
  <Block BlockType="Inport" Name="Gu" SID="303::29">
    <P Name="Position">[20, 606, 40, 624]</P>
    <P Name="ZOrder">20</P>
    <P Name="Port">15</P>
  </Block>
  <Block BlockType="Inport" Name="Fu" SID="303::30">
    <P Name="Position">[20, 641, 40, 659]</P>
    <P Name="ZOrder">21</P>
    <P Name="Port">16</P>
  </Block>
  <Block BlockType="Demux" Name=" Demux " SID="303::20">
    <P Name="Ports">[1, 1]</P>
    <P Name="Position">[270, 245, 320, 285]</P>
    <P Name="ZOrder">11</P>
    <P Name="Outputs">1</P>
  </Block>
  <Block BlockType="S-Function" Name=" SFunction " SID="303::19">
    <P Name="Tag">Stateflow S-Function 2</P>
    <P Name="Ports">[16, 4]</P>
    <P Name="Position">[180, 110, 230, 450]</P>
    <P Name="ZOrder">10</P>
    <P Name="FunctionName">sf_sfun</P>
    <P Name="PortCounts">[16 4]</P>
    <P Name="SFunctionDeploymentMode">off</P>
    <P Name="EnableBusSupport">on</P>
    <P Name="SFcnIsStateOwnerBlock">off</P>
    <Port>
      <P Name="PortNumber">2</P>
      <P Name="Name">u</P>
    </Port>
    <Port>
      <P Name="PortNumber">3</P>
      <P Name="Name">active</P>
    </Port>
    <Port>
      <P Name="PortNumber">4</P>
      <P Name="Name">region</P>
    </Port>
  </Block>
  <Block BlockType="Terminator" Name=" Terminator " SID="303::21">
    <P Name="Position">[460, 256, 480, 274]</P>
    <P Name="ZOrder">12</P>
  </Block>
  <Block BlockType="Outport" Name="u" SID="303::5">
    <P Name="Position">[460, 101, 480, 119]</P>
    <P Name="ZOrder">-5</P>
  </Block>
  <Block BlockType="Outport" Name="active" SID="303::31">
    <P Name="Position">[460, 136, 480, 154]</P>
    <P Name="ZOrder">22</P>
    <P Name="Port">2</P>
  </Block>
  <Block BlockType="Outport" Name="region" SID="303::38">
    <P Name="Position">[460, 171, 480, 189]</P>
    <P Name="ZOrder">29</P>
    <P Name="Port">3</P>
  </Block>
  <Line>
    <P Name="ZOrder">1</P>
    <P Name="Src">303::1#out:1</P>
    <P Name="Dst">303::19#in:1</P>
  </Line>
  <Line>
    <P Name="ZOrder">2</P>
    <P Name="Src">303::22#out:1</P>
    <P Name="Dst">303::19#in:2</P>
  </Line>
  <Line>
    <P Name="ZOrder">3</P>
    <P Name="Src">303::23#out:1</P>
    <P Name="Dst">303::19#in:3</P>
  </Line>
  <Line>
    <P Name="ZOrder">4</P>
    <P Name="Src">303::24#out:1</P>
    <P Name="Dst">303::19#in:4</P>
  </Line>
  <Line>
    <P Name="ZOrder">5</P>
    <P Name="Src">303::25#out:1</P>
    <P Name="Dst">303::19#in:5</P>
  </Line>
  <Line>
    <P Name="ZOrder">6</P>
    <P Name="Src">303::26#out:1</P>
    <P Name="Dst">303::19#in:6</P>
  </Line>
  <Line>
    <P Name="ZOrder">7</P>
    <P Name="Src">303::27#out:1</P>
    <P Name="Dst">303::19#in:7</P>
  </Line>
  <Line>
    <P Name="ZOrder">8</P>
    <P Name="Src">303::28#out:1</P>
    <P Name="Dst">303::19#in:8</P>
  </Line>
  <Line>
    <P Name="ZOrder">9</P>
    <P Name="Src">303::32#out:1</P>
    <P Name="Dst">303::19#in:9</P>
  </Line>
  <Line>
    <P Name="ZOrder">10</P>
    <P Name="Src">303::33#out:1</P>
    <P Name="Dst">303::19#in:10</P>
  </Line>
  <Line>
    <P Name="ZOrder">11</P>
    <P Name="Src">303::34#out:1</P>
    <P Name="Dst">303::19#in:11</P>
  </Line>
  <Line>
    <P Name="ZOrder">12</P>
    <P Name="Src">303::35#out:1</P>
    <P Name="Dst">303::19#in:12</P>
  </Line>
  <Line>
    <P Name="ZOrder">13</P>
    <P Name="Src">303::36#out:1</P>
    <P Name="Dst">303::19#in:13</P>
  </Line>
  <Line>
    <P Name="ZOrder">14</P>
    <P Name="Src">303::37#out:1</P>
    <P Name="Dst">303::19#in:14</P>
  </Line>
  <Line>
    <P Name="ZOrder">15</P>
    <P Name="Src">303::29#out:1</P>
    <P Name="Dst">303::19#in:15</P>
  </Line>
  <Line>
    <P Name="ZOrder">16</P>
    <P Name="Src">303::30#out:1</P>
    <P Name="Dst">303::19#in:16</P>
  </Line>
  <Line>
    <P Name="Name">u</P>
    <P Name="ZOrder">17</P>
    <P Name="Labels">[0, 0]</P>
    <P Name="Src">303::19#out:2</P>
    <P Name="Dst">303::5#in:1</P>
  </Line>
  <Line>
    <P Name="Name">active</P>
    <P Name="ZOrder">18</P>
    <P Name="Labels">[0, 0]</P>
    <P Name="Src">303::19#out:3</P>
    <P Name="Dst">303::31#in:1</P>
  </Line>
  <Line>
    <P Name="Name">region</P>
    <P Name="ZOrder">19</P>
    <P Name="Labels">[0, 0]</P>
    <P Name="Src">303::19#out:4</P>
    <P Name="Points">[147, 0; 0, -230]</P>
    <P Name="Dst">303::38#in:1</P>
  </Line>
  <Line>
    <P Name="ZOrder">20</P>
    <P Name="Src">303::20#out:1</P>
    <P Name="Dst">303::21#in:1</P>
  </Line>
  <Line>
    <P Name="ZOrder">21</P>
    <P Name="Src">303::19#out:1</P>
    <P Name="Points">[15, 0; 0, 110]</P>
    <P Name="Dst">303::20#in:1</P>
  </Line>
</System>
