<?xml version="1.0" encoding="utf-8"?>
<System>
  <P Name="Location">[960, 20, 1920, 1058]</P>
  <P Name="SystemRect">[0.000000, 0.000000, 0.000000, 0.000000]</P>
  <P Name="SetExecutionDomain">off</P>
  <P Name="ExecutionDomainType">Deduce</P>
  <P Name="ScreenColor">white</P>
  <P Name="SimulinkSubDomain">Simulink</P>
  <Block BlockType="Inport" Name="Thrust" SID="455">
    <P Name="Position">[110, 68, 140, 82]</P>
    <P Name="ZOrder">-1</P>
  </Block>
  <Block BlockType="Inport" Name="RefOmega_w" SID="457">
    <P Name="Position">[110, 253, 140, 267]</P>
    <P Name="ZOrder">2</P>
    <P Name="Port">2</P>
  </Block>
  <Block BlockType="Inport" Name="State_w" SID="510">
    <P Name="Position">[110, 168, 140, 182]</P>
    <P Name="ZOrder">3</P>
    <P Name="Port">3</P>
  </Block>
  <Block BlockType="Sum" Name="Add" SID="618">
    <P Name="Ports">[2, 1]</P>
    <P Name="Position">[495, 137, 525, 168]</P>
    <P Name="ZOrder">8</P>
    <P Name="IconShape">rectangular</P>
    <P Name="Inputs">-+</P>
  </Block>
  <Block BlockType="BusSelector" Name="Bus&#xA;Selector" SID="608">
    <P Name="Ports">[1, 2]</P>
    <P Name="Position">[250, 116, 255, 229]</P>
    <P Name="ZOrder">4</P>
    <P Name="OutputSignals">Orientation.b_w,Orientation.q_wb</P>
    <Port>
      <P Name="PortNumber">1</P>
      <P Name="Name">&lt;b_w&gt;</P>
    </Port>
    <Port>
      <P Name="PortNumber">2</P>
      <P Name="Name">&lt;q_wb&gt;</P>
    </Port>
  </Block>
  <Block BlockType="Gain" Name="Gain" SID="619">
    <P Name="Position">[555, 125, 620, 185]</P>
    <P Name="ZOrder">9</P>
    <P Name="Gain">K_omega</P>
  </Block>
  <Block BlockType="Reference" Name="Quaternion&#xA;Inverse" SID="615">
    <P Name="Ports">[1, 1]</P>
    <P Name="Position">[315, 187, 365, 213]</P>
    <P Name="ZOrder">5</P>
    <P Name="LibraryVersion">1.116</P>
    <P Name="SourceBlock">aerolibutil/Quaternion
Inverse</P>
    <P Name="SourceType">Quaternion Inverse</P>
    <P Name="SourceProductBaseCode">AE</P>
    <InstanceData>
      <P Name="RTWMemSecFuncInitTerm">Inherit from model</P>
      <P Name="RTWMemSecFuncExecute">Inherit from model</P>
      <P Name="RTWMemSecDataConstants">Inherit from model</P>
      <P Name="RTWMemSecDataInternal">Inherit from model</P>
      <P Name="RTWMemSecDataParameters">Inherit from model</P>
      <P Name="ContentPreviewEnabled">on</P>
    </InstanceData>
  </Block>
  <Block BlockType="Reference" Name="Quaternion&#xA;Rotation" SID="617">
    <P Name="Ports">[2, 1]</P>
    <P Name="Position">[395, 189, 445, 236]</P>
    <P Name="ZOrder">7</P>
    <P Name="LibraryVersion">1.116</P>
    <P Name="SourceBlock">aerolibutil/Quaternion
Rotation</P>
    <P Name="SourceType">Quaternion Rotation</P>
    <P Name="SourceProductBaseCode">AE</P>
    <InstanceData>
      <P Name="RTWMemSecFuncInitTerm">Inherit from model</P>
      <P Name="RTWMemSecFuncExecute">Inherit from model</P>
      <P Name="RTWMemSecDataConstants">Inherit from model</P>
      <P Name="RTWMemSecDataInternal">Inherit from model</P>
      <P Name="RTWMemSecDataParameters">Inherit from model</P>
      <P Name="ContentPreviewEnabled">on</P>
    </InstanceData>
  </Block>
  <Block BlockType="Outport" Name="b_Thrust" SID="456">
    <P Name="Position">[680, 68, 710, 82]</P>
    <P Name="ZOrder">-2</P>
  </Block>
  <Block BlockType="Outport" Name="b_Torques" SID="458">
    <P Name="Position">[680, 148, 710, 162]</P>
    <P Name="ZOrder">1</P>
    <P Name="Port">2</P>
  </Block>
  <Line>
    <P Name="ZOrder">1</P>
    <P Name="Src">455#out:1</P>
    <P Name="Dst">456#in:1</P>
  </Line>
  <Line>
    <P Name="ZOrder">3</P>
    <P Name="Src">510#out:1</P>
    <P Name="Dst">608#in:1</P>
  </Line>
  <Line>
    <P Name="Name">&lt;q_wb&gt;</P>
    <P Name="ZOrder">6</P>
    <P Name="Labels">[0, 0]</P>
    <P Name="Src">608#out:2</P>
    <P Name="Dst">615#in:1</P>
  </Line>
  <Line>
    <P Name="ZOrder">8</P>
    <P Name="Src">615#out:1</P>
    <P Name="Dst">617#in:1</P>
  </Line>
  <Line>
    <P Name="ZOrder">9</P>
    <P Name="Src">457#out:1</P>
    <P Name="Points">[229, 0; 0, -35]</P>
    <P Name="Dst">617#in:2</P>
  </Line>
  <Line>
    <P Name="Name">&lt;b_w&gt;</P>
    <P Name="ZOrder">11</P>
    <P Name="Labels">[0, 0]</P>
    <P Name="Src">608#out:1</P>
    <P Name="Dst">618#in:1</P>
  </Line>
  <Line>
    <P Name="ZOrder">12</P>
    <P Name="Src">617#out:1</P>
    <P Name="Points">[7, 0; 0, -55]</P>
    <P Name="Dst">618#in:2</P>
  </Line>
  <Line>
    <P Name="ZOrder">16</P>
    <P Name="Src">619#out:1</P>
    <P Name="Dst">458#in:1</P>
  </Line>
  <Line>
    <P Name="ZOrder">17</P>
    <P Name="Src">618#out:1</P>
    <P Name="Dst">619#in:1</P>
  </Line>
</System>
