<?xml version="1.0" encoding="utf-8"?>
<System>
  <P Name="Location">[0, 20, 1920, 1058]</P>
  <P Name="SystemRect">[0.000000, 0.000000, 0.000000, 0.000000]</P>
  <P Name="SetExecutionDomain">off</P>
  <P Name="ExecutionDomainType">Deduce</P>
  <P Name="ScreenColor">white</P>
  <P Name="ZoomFactor">175</P>
  <P Name="SimulinkSubDomain">Simulink</P>
  <Block BlockType="Inport" Name="Torques" SID="515">
    <P Name="Position">[350, 63, 380, 77]</P>
    <P Name="ZOrder">16</P>
  </Block>
  <Block BlockType="Inport" Name="Ext_T" SID="516">
    <P Name="Position">[350, 218, 380, 232]</P>
    <P Name="ZOrder">40</P>
    <P Name="Port">2</P>
  </Block>
  <Block BlockType="SubSystem" Name="- w X Iw" SID="517">
    <P Name="Ports">[2, 1]</P>
    <P Name="Position">[310, 124, 380, 171]</P>
    <P Name="ZOrder">27</P>
    <P Name="ErrorFcn">Stateflow.Translate.translate</P>
    <P Name="PermitHierarchicalResolution">ExplicitOnly</P>
    <P Name="TreatAsAtomicUnit">on</P>
    <P Name="RequestExecContextInheritance">off</P>
    <P Name="SFBlockType">MATLAB Function</P>
    <P Name="ContentPreviewEnabled">on</P>
    <System Ref="system_517"/>
  </Block>
  <Block BlockType="Integrator" Name="Acc2Vel" SID="518">
    <P Name="Ports">[1, 1]</P>
    <P Name="Position">[625, 125, 655, 155]</P>
    <P Name="ZOrder">15</P>
    <P Name="InitialCondition">InitialAngularVelocity</P>
  </Block>
  <Block BlockType="Sum" Name="Add" SID="519">
    <P Name="Ports">[3, 1]</P>
    <P Name="Position">[430, 129, 465, 171]</P>
    <P Name="ZOrder">9</P>
    <P Name="IconShape">rectangular</P>
    <P Name="Inputs">+++</P>
  </Block>
  <Block BlockType="Constant" Name="Constant1" SID="520">
    <P Name="Position">[95, -20, 165, 10]</P>
    <P Name="ZOrder">22</P>
    <P Name="Value">InertiaMatrix</P>
  </Block>
  <Block BlockType="Constant" Name="Constant2" SID="521">
    <P Name="Position">[95, -65, 195, -35]</P>
    <P Name="ZOrder">41</P>
    <P Name="Value">Inv_InertiaMatrix</P>
  </Block>
  <Block BlockType="Product" Name="I w" SID="522">
    <P Name="Ports">[2, 1]</P>
    <P Name="Position">[220, 77, 260, 113]</P>
    <P Name="ZOrder">6</P>
    <P Name="Multiplication">Matrix(*)</P>
  </Block>
  <Block BlockType="SubSystem" Name="MATLAB Function1" SID="523">
    <P Name="Ports">[1, 1]</P>
    <P Name="Position">[925, 102, 995, 148]</P>
    <P Name="ZOrder">37</P>
    <P Name="ErrorFcn">Stateflow.Translate.translate</P>
    <P Name="PermitHierarchicalResolution">ExplicitOnly</P>
    <P Name="TreatAsAtomicUnit">on</P>
    <P Name="RequestExecContextInheritance">off</P>
    <P Name="SFBlockType">MATLAB Function</P>
    <P Name="ContentPreviewEnabled">on</P>
    <System Ref="system_523"/>
  </Block>
  <Block BlockType="SubSystem" Name="Omega2QuatDot" SID="524">
    <P Name="Ports">[2, 1]</P>
    <P Name="Position">[725, 96, 820, 154]</P>
    <P Name="ZOrder">29</P>
    <P Name="RequestExecContextInheritance">off</P>
    <P Name="ContentPreviewEnabled">on</P>
    <System Ref="system_524"/>
  </Block>
  <Block BlockType="Reference" Name="Quaternions to Rotation Angles" SID="529">
    <P Name="Ports">[1, 1]</P>
    <P Name="Position">[1050, 199, 1150, 241]</P>
    <P Name="ZOrder">38</P>
    <P Name="AttributesFormatString">Rotation Order: %&lt;rotationOrder&gt;</P>
    <P Name="LibraryVersion">4.0</P>
    <P Name="SourceBlock">sharedtransform/Quaternions to Rotation Angles</P>
    <P Name="SourceType">Quat2Ang</P>
    <P Name="SourceProductBaseCode">AE,PW,MT,UV,VE,VP</P>
    <InstanceData>
      <P Name="RTWMemSecFuncInitTerm">Inherit from model</P>
      <P Name="RTWMemSecFuncExecute">Inherit from model</P>
      <P Name="RTWMemSecDataConstants">Inherit from model</P>
      <P Name="RTWMemSecDataInternal">Inherit from model</P>
      <P Name="RTWMemSecDataParameters">Inherit from model</P>
      <P Name="ContentPreviewEnabled">on</P>
      <P Name="rotationOrder">XYZ</P>
      <P Name="aMode">aMode</P>
    </InstanceData>
  </Block>
  <Block BlockType="Product" Name="inv(I) * t" SID="530">
    <P Name="Ports">[2, 1]</P>
    <P Name="Position">[525, 119, 565, 161]</P>
    <P Name="ZOrder">26</P>
    <P Name="Multiplication">Matrix(*)</P>
  </Block>
  <Block BlockType="Integrator" Name="q_dot2q" SID="531">
    <P Name="Ports">[1, 1]</P>
    <P Name="Position">[845, 110, 875, 140]</P>
    <P Name="ZOrder">31</P>
    <P Name="InitialCondition">q0</P>
  </Block>
  <Block BlockType="Outport" Name="Quaternion" SID="532">
    <P Name="Position">[1065, 118, 1095, 132]</P>
    <P Name="ZOrder">30</P>
  </Block>
  <Block BlockType="Outport" Name="AngularVelocity" SID="533">
    <P Name="Position">[1060, 323, 1090, 337]</P>
    <P Name="ZOrder">18</P>
    <P Name="Port">2</P>
  </Block>
  <Block BlockType="Outport" Name="AngularAcceleration" SID="534">
    <P Name="Position">[605, 223, 635, 237]</P>
    <P Name="ZOrder">19</P>
    <P Name="Port">3</P>
  </Block>
  <Block BlockType="Outport" Name="RPY" SID="535">
    <P Name="Position">[1195, 213, 1225, 227]</P>
    <P Name="ZOrder">39</P>
    <P Name="Port">4</P>
  </Block>
  <Line>
    <P Name="ZOrder">1</P>
    <P Name="Src">515#out:1</P>
    <P Name="Points">[23, 0; 0, 65]</P>
    <P Name="Dst">519#in:1</P>
  </Line>
  <Line>
    <P Name="ZOrder">2</P>
    <P Name="Src">517#out:1</P>
    <P Name="Dst">519#in:2</P>
  </Line>
  <Line>
    <P Name="ZOrder">3</P>
    <P Name="Src">518#out:1</P>
    <P Name="Points">[32, 0]</P>
    <Branch>
      <P Name="ZOrder">4</P>
      <P Name="Dst">524#in:2</P>
    </Branch>
    <Branch>
      <P Name="ZOrder">5</P>
      <P Name="Points">[0, 190]</P>
      <Branch>
        <P Name="ZOrder">6</P>
        <P Name="Points">[-495, 0; 0, -170]</P>
        <Branch>
          <P Name="ZOrder">7</P>
          <P Name="Dst">517#in:2</P>
        </Branch>
        <Branch>
          <P Name="ZOrder">8</P>
          <P Name="Points">[0, -55]</P>
          <P Name="Dst">522#in:2</P>
        </Branch>
      </Branch>
      <Branch>
        <P Name="ZOrder">9</P>
        <P Name="Dst">533#in:1</P>
      </Branch>
    </Branch>
  </Line>
  <Line>
    <P Name="ZOrder">10</P>
    <P Name="Src">520#out:1</P>
    <P Name="Points">[30, 0; 0, 90]</P>
    <P Name="Dst">522#in:1</P>
  </Line>
  <Line>
    <P Name="ZOrder">11</P>
    <P Name="Src">522#out:1</P>
    <P Name="Points">[20, 0; 0, 40]</P>
    <P Name="Dst">517#in:1</P>
  </Line>
  <Line>
    <P Name="ZOrder">12</P>
    <P Name="Src">519#out:1</P>
    <P Name="Dst">530#in:2</P>
  </Line>
  <Line>
    <P Name="ZOrder">13</P>
    <P Name="Src">530#out:1</P>
    <P Name="Points">[15, 0]</P>
    <Branch>
      <P Name="ZOrder">14</P>
      <P Name="Dst">518#in:1</P>
    </Branch>
    <Branch>
      <P Name="ZOrder">15</P>
      <P Name="Points">[0, 90]</P>
      <P Name="Dst">534#in:1</P>
    </Branch>
  </Line>
  <Line>
    <P Name="ZOrder">16</P>
    <P Name="Src">524#out:1</P>
    <P Name="Dst">531#in:1</P>
  </Line>
  <Line>
    <P Name="ZOrder">17</P>
    <P Name="Src">531#out:1</P>
    <P Name="Dst">523#in:1</P>
  </Line>
  <Line>
    <P Name="ZOrder">18</P>
    <P Name="Src">523#out:1</P>
    <P Name="Points">[19, 0]</P>
    <Branch>
      <P Name="ZOrder">19</P>
      <P Name="Points">[0, 95]</P>
      <P Name="Dst">529#in:1</P>
    </Branch>
    <Branch>
      <P Name="ZOrder">20</P>
      <P Name="Points">[0, -53; -322, 0; 0, 38]</P>
      <P Name="Dst">524#in:1</P>
    </Branch>
    <Branch>
      <P Name="ZOrder">21</P>
      <P Name="Dst">532#in:1</P>
    </Branch>
  </Line>
  <Line>
    <P Name="ZOrder">22</P>
    <P Name="Src">529#out:1</P>
    <P Name="Dst">535#in:1</P>
  </Line>
  <Line>
    <P Name="ZOrder">23</P>
    <P Name="Src">516#out:1</P>
    <P Name="Points">[20, 0; 0, -60]</P>
    <P Name="Dst">519#in:3</P>
  </Line>
  <Line>
    <P Name="ZOrder">24</P>
    <P Name="Src">521#out:1</P>
    <P Name="Points">[295, 0; 0, 180]</P>
    <P Name="Dst">530#in:1</P>
  </Line>
</System>
