<?xml version="1.0" encoding="utf-8"?>
<System>
  <P Name="Location">[156, 97, 2233, 1360]</P>
  <P Name="SystemRect">[0.000000, 0.000000, 0.000000, 0.000000]</P>
  <P Name="SetExecutionDomain">off</P>
  <P Name="ExecutionDomainType">Deduce</P>
  <P Name="ScreenColor">white</P>
  <P Name="SimulinkSubDomain">Simulink</P>
  <Block BlockType="Inport" Name="m1" SID="628">
    <P Name="Position">[-200, 23, -170, 37]</P>
    <P Name="ZOrder">27</P>
  </Block>
  <Block BlockType="Inport" Name="m2" SID="629">
    <P Name="Position">[-200, 73, -170, 87]</P>
    <P Name="ZOrder">28</P>
    <P Name="Port">2</P>
  </Block>
  <Block BlockType="Inport" Name="m3" SID="630">
    <P Name="Position">[-200, 123, -170, 137]</P>
    <P Name="ZOrder">29</P>
    <P Name="Port">3</P>
  </Block>
  <Block BlockType="Inport" Name="m4" SID="631">
    <P Name="Position">[-200, 173, -170, 187]</P>
    <P Name="ZOrder">30</P>
    <P Name="Port">4</P>
  </Block>
  <Block BlockType="SubSystem" Name="Command2Force" SID="632">
    <P Name="Ports">[1, 1]</P>
    <P Name="Position">[-85, 14, 0, 46]</P>
    <P Name="ZOrder">316</P>
    <P Name="RequestExecContextInheritance">off</P>
    <P Name="ContentPreviewEnabled">on</P>
    <Mask>
      <Display RunInitForIconRedraw="off"/>
      <MaskParameter Name="polynomial_model" Type="edit">
        <Prompt>Polynomial model of the motor thrust</Prompt>
        <Value>motor_poly</Value>
      </MaskParameter>
      <MaskParameter Name="Force_Upperbound" Type="edit">
        <Prompt>Force upper limit</Prompt>
        <Value>motor_force_ub</Value>
      </MaskParameter>
      <DialogControl Type="Group" Name="DescGroupVar">
        <Prompt>%&lt;MaskType&gt;</Prompt>
        <DialogControl Type="Text" Name="DescTextVar">
          <Prompt>%&lt;MaskDescription&gt;</Prompt>
        </DialogControl>
      </DialogControl>
      <DialogControl Type="Group" Name="ParameterGroupVar">
        <Prompt>Simulink:studio:ToolBarParametersMenu</Prompt>
        <DialogControl Type="Edit" Name="polynomial_model">
          <Prompt>Polynomial model of the motor thrust</Prompt>
          <ControlOptions PromptLocation="left"/>
        </DialogControl>
        <DialogControl Type="Edit" Name="Force_Upperbound">
          <Prompt>Force upper limit</Prompt>
          <ControlOptions PromptLocation="left"/>
        </DialogControl>
      </DialogControl>
    </Mask>
    <System Ref="system_632"/>
  </Block>
  <Block BlockType="SubSystem" Name="Command2Force1" SID="637">
    <P Name="Ports">[1, 1]</P>
    <P Name="Position">[-85, 64, 0, 96]</P>
    <P Name="ZOrder">320</P>
    <P Name="RequestExecContextInheritance">off</P>
    <P Name="ContentPreviewEnabled">on</P>
    <Mask>
      <Display RunInitForIconRedraw="off"/>
      <MaskParameter Name="polynomial_model" Type="edit">
        <Prompt>Polynomial model of the motor thrust</Prompt>
        <Value>motor_poly</Value>
      </MaskParameter>
      <MaskParameter Name="Force_Upperbound" Type="edit">
        <Prompt>Force upper limit</Prompt>
        <Value>motor_force_ub</Value>
      </MaskParameter>
      <DialogControl Type="Group" Name="DescGroupVar">
        <Prompt>%&lt;MaskType&gt;</Prompt>
        <DialogControl Type="Text" Name="DescTextVar">
          <Prompt>%&lt;MaskDescription&gt;</Prompt>
        </DialogControl>
      </DialogControl>
      <DialogControl Type="Group" Name="ParameterGroupVar">
        <Prompt>Simulink:studio:ToolBarParametersMenu</Prompt>
        <DialogControl Type="Edit" Name="polynomial_model">
          <Prompt>Polynomial model of the motor thrust</Prompt>
          <ControlOptions PromptLocation="left"/>
        </DialogControl>
        <DialogControl Type="Edit" Name="Force_Upperbound">
          <Prompt>Force upper limit</Prompt>
          <ControlOptions PromptLocation="left"/>
        </DialogControl>
      </DialogControl>
    </Mask>
    <System Ref="system_637"/>
  </Block>
  <Block BlockType="SubSystem" Name="Command2Force2" SID="642">
    <P Name="Ports">[1, 1]</P>
    <P Name="Position">[-85, 114, 0, 146]</P>
    <P Name="ZOrder">321</P>
    <P Name="RequestExecContextInheritance">off</P>
    <P Name="ContentPreviewEnabled">on</P>
    <Mask>
      <Display RunInitForIconRedraw="off"/>
      <MaskParameter Name="polynomial_model" Type="edit">
        <Prompt>Polynomial model of the motor thrust</Prompt>
        <Value>motor_poly</Value>
      </MaskParameter>
      <MaskParameter Name="Force_Upperbound" Type="edit">
        <Prompt>Force upper limit</Prompt>
        <Value>motor_force_ub</Value>
      </MaskParameter>
      <DialogControl Type="Group" Name="DescGroupVar">
        <Prompt>%&lt;MaskType&gt;</Prompt>
        <DialogControl Type="Text" Name="DescTextVar">
          <Prompt>%&lt;MaskDescription&gt;</Prompt>
        </DialogControl>
      </DialogControl>
      <DialogControl Type="Group" Name="ParameterGroupVar">
        <Prompt>Simulink:studio:ToolBarParametersMenu</Prompt>
        <DialogControl Type="Edit" Name="polynomial_model">
          <Prompt>Polynomial model of the motor thrust</Prompt>
          <ControlOptions PromptLocation="left"/>
        </DialogControl>
        <DialogControl Type="Edit" Name="Force_Upperbound">
          <Prompt>Force upper limit</Prompt>
          <ControlOptions PromptLocation="left"/>
        </DialogControl>
      </DialogControl>
    </Mask>
    <System Ref="system_642"/>
  </Block>
  <Block BlockType="SubSystem" Name="Command2Force3" SID="647">
    <P Name="Ports">[1, 1]</P>
    <P Name="Position">[-85, 164, 0, 196]</P>
    <P Name="ZOrder">322</P>
    <P Name="RequestExecContextInheritance">off</P>
    <P Name="ContentPreviewEnabled">on</P>
    <Mask>
      <Display RunInitForIconRedraw="off"/>
      <MaskParameter Name="polynomial_model" Type="edit">
        <Prompt>Polynomial model of the motor thrust</Prompt>
        <Value>motor_poly</Value>
      </MaskParameter>
      <MaskParameter Name="Force_Upperbound" Type="edit">
        <Prompt>Force upper limit</Prompt>
        <Value>motor_force_ub</Value>
      </MaskParameter>
      <DialogControl Type="Group" Name="DescGroupVar">
        <Prompt>%&lt;MaskType&gt;</Prompt>
        <DialogControl Type="Text" Name="DescTextVar">
          <Prompt>%&lt;MaskDescription&gt;</Prompt>
        </DialogControl>
      </DialogControl>
      <DialogControl Type="Group" Name="ParameterGroupVar">
        <Prompt>Simulink:studio:ToolBarParametersMenu</Prompt>
        <DialogControl Type="Edit" Name="polynomial_model">
          <Prompt>Polynomial model of the motor thrust</Prompt>
          <ControlOptions PromptLocation="left"/>
        </DialogControl>
        <DialogControl Type="Edit" Name="Force_Upperbound">
          <Prompt>Force upper limit</Prompt>
          <ControlOptions PromptLocation="left"/>
        </DialogControl>
      </DialogControl>
    </Mask>
    <System Ref="system_647"/>
  </Block>
  <Block BlockType="DiscreteTransferFcn" Name="Discrete&#xA;Transfer Fcn" SID="652">
    <P Name="Ports">[1, 1]</P>
    <P Name="Position">[85, 12, 145, 48]</P>
    <P Name="ZOrder">323</P>
    <P Name="InputPortMap">u0</P>
    <P Name="Numerator">[0.6321]</P>
    <P Name="Denominator">[1 -0.3679]</P>
    <P Name="SampleTime">sim_dt</P>
  </Block>
  <Block BlockType="DiscreteTransferFcn" Name="Discrete&#xA;Transfer Fcn1" SID="653">
    <P Name="Ports">[1, 1]</P>
    <P Name="Position">[85, 62, 145, 98]</P>
    <P Name="ZOrder">324</P>
    <P Name="InputPortMap">u0</P>
    <P Name="Numerator">[0.6321]</P>
    <P Name="Denominator">[1 -0.3679]</P>
    <P Name="SampleTime">sim_dt</P>
  </Block>
  <Block BlockType="DiscreteTransferFcn" Name="Discrete&#xA;Transfer Fcn2" SID="654">
    <P Name="Ports">[1, 1]</P>
    <P Name="Position">[85, 112, 145, 148]</P>
    <P Name="ZOrder">325</P>
    <P Name="InputPortMap">u0</P>
    <P Name="Numerator">[0.6321]</P>
    <P Name="Denominator">[1 -0.3679]</P>
    <P Name="SampleTime">sim_dt</P>
  </Block>
  <Block BlockType="DiscreteTransferFcn" Name="Discrete&#xA;Transfer Fcn3" SID="655">
    <P Name="Ports">[1, 1]</P>
    <P Name="Position">[85, 162, 145, 198]</P>
    <P Name="ZOrder">326</P>
    <P Name="InputPortMap">u0</P>
    <P Name="Numerator">[0.6321]</P>
    <P Name="Denominator">[1 -0.3679]</P>
    <P Name="SampleTime">sim_dt</P>
  </Block>
  <Block BlockType="Mux" Name="Mux1" SID="656">
    <P Name="Ports">[4, 1]</P>
    <P Name="Position">[395, 245, 400, 420]</P>
    <P Name="ZOrder">113</P>
    <P Name="ShowName">off</P>
    <P Name="DisplayOption">bar</P>
  </Block>
  <Block BlockType="Mux" Name="Mux2" SID="657">
    <P Name="Ports">[4, 1]</P>
    <P Name="Position">[400, 8, 405, 202]</P>
    <P Name="ZOrder">108</P>
    <P Name="ShowName">off</P>
    <P Name="DisplayOption">bar</P>
  </Block>
  <Block BlockType="Reshape" Name="Reshape" SID="658">
    <P Name="Ports">[1, 1]</P>
    <P Name="Position">[460, 93, 490, 117]</P>
    <P Name="ZOrder">153</P>
    <P Name="OutputDimensionality">Column vector (2-D)</P>
  </Block>
  <Block BlockType="Reshape" Name="Reshape1" SID="659">
    <P Name="Ports">[1, 1]</P>
    <P Name="Position">[455, 323, 485, 347]</P>
    <P Name="ZOrder">154</P>
    <P Name="OutputDimensionality">Column vector (2-D)</P>
  </Block>
  <Block BlockType="SubSystem" Name="force2torque" SID="660">
    <P Name="Ports">[1, 1]</P>
    <P Name="Position">[275, 252, 345, 278]</P>
    <P Name="ZOrder">306</P>
    <P Name="RequestExecContextInheritance">off</P>
    <P Name="ContentPreviewEnabled">on</P>
    <Mask>
      <Display RunInitForIconRedraw="off"/>
      <MaskParameter Name="force2torque" Type="edit">
        <Prompt>Force to torque constant</Prompt>
        <Value>motor_force2torque</Value>
      </MaskParameter>
      <DialogControl Type="Group" Name="DescGroupVar">
        <Prompt>%&lt;MaskType&gt;</Prompt>
        <DialogControl Type="Text" Name="DescTextVar">
          <Prompt>%&lt;MaskDescription&gt;</Prompt>
        </DialogControl>
      </DialogControl>
      <DialogControl Type="Group" Name="ParameterGroupVar">
        <Prompt>Simulink:studio:ToolBarParametersMenu</Prompt>
        <DialogControl Type="Edit" Name="force2torque">
          <Prompt>Force to torque constant</Prompt>
          <ControlOptions PromptLocation="left"/>
        </DialogControl>
      </DialogControl>
    </Mask>
    <System Ref="system_660"/>
  </Block>
  <Block BlockType="SubSystem" Name="force2torque1" SID="665">
    <P Name="Ports">[1, 1]</P>
    <P Name="Position">[275, 297, 345, 323]</P>
    <P Name="ZOrder">310</P>
    <P Name="RequestExecContextInheritance">off</P>
    <P Name="ContentPreviewEnabled">on</P>
    <Mask>
      <Display RunInitForIconRedraw="off"/>
      <MaskParameter Name="force2torque" Type="edit">
        <Prompt>Force to torque constant</Prompt>
        <Value>motor_force2torque</Value>
      </MaskParameter>
      <DialogControl Type="Group" Name="DescGroupVar">
        <Prompt>%&lt;MaskType&gt;</Prompt>
        <DialogControl Type="Text" Name="DescTextVar">
          <Prompt>%&lt;MaskDescription&gt;</Prompt>
        </DialogControl>
      </DialogControl>
      <DialogControl Type="Group" Name="ParameterGroupVar">
        <Prompt>Simulink:studio:ToolBarParametersMenu</Prompt>
        <DialogControl Type="Edit" Name="force2torque">
          <Prompt>Force to torque constant</Prompt>
          <ControlOptions PromptLocation="left"/>
        </DialogControl>
      </DialogControl>
    </Mask>
    <System Ref="system_665"/>
  </Block>
  <Block BlockType="SubSystem" Name="force2torque2" SID="670">
    <P Name="Ports">[1, 1]</P>
    <P Name="Position">[275, 342, 345, 368]</P>
    <P Name="ZOrder">311</P>
    <P Name="RequestExecContextInheritance">off</P>
    <P Name="ContentPreviewEnabled">on</P>
    <Mask>
      <Display RunInitForIconRedraw="off"/>
      <MaskParameter Name="force2torque" Type="edit">
        <Prompt>Force to torque constant</Prompt>
        <Value>motor_force2torque</Value>
      </MaskParameter>
      <DialogControl Type="Group" Name="DescGroupVar">
        <Prompt>%&lt;MaskType&gt;</Prompt>
        <DialogControl Type="Text" Name="DescTextVar">
          <Prompt>%&lt;MaskDescription&gt;</Prompt>
        </DialogControl>
      </DialogControl>
      <DialogControl Type="Group" Name="ParameterGroupVar">
        <Prompt>Simulink:studio:ToolBarParametersMenu</Prompt>
        <DialogControl Type="Edit" Name="force2torque">
          <Prompt>Force to torque constant</Prompt>
          <ControlOptions PromptLocation="left"/>
        </DialogControl>
      </DialogControl>
    </Mask>
    <System Ref="system_670"/>
  </Block>
  <Block BlockType="SubSystem" Name="force2torque3" SID="675">
    <P Name="Ports">[1, 1]</P>
    <P Name="Position">[275, 387, 345, 413]</P>
    <P Name="ZOrder">312</P>
    <P Name="RequestExecContextInheritance">off</P>
    <P Name="ContentPreviewEnabled">on</P>
    <Mask>
      <Display RunInitForIconRedraw="off"/>
      <MaskParameter Name="force2torque" Type="edit">
        <Prompt>Force to torque constant</Prompt>
        <Value>motor_force2torque</Value>
      </MaskParameter>
      <DialogControl Type="Group" Name="DescGroupVar">
        <Prompt>%&lt;MaskType&gt;</Prompt>
        <DialogControl Type="Text" Name="DescTextVar">
          <Prompt>%&lt;MaskDescription&gt;</Prompt>
        </DialogControl>
      </DialogControl>
      <DialogControl Type="Group" Name="ParameterGroupVar">
        <Prompt>Simulink:studio:ToolBarParametersMenu</Prompt>
        <DialogControl Type="Edit" Name="force2torque">
          <Prompt>Force to torque constant</Prompt>
          <ControlOptions PromptLocation="left"/>
        </DialogControl>
      </DialogControl>
    </Mask>
    <System Ref="system_675"/>
  </Block>
  <Block BlockType="Outport" Name="Thrusts" SID="680">
    <P Name="Position">[540, 98, 570, 112]</P>
    <P Name="ZOrder">114</P>
  </Block>
  <Block BlockType="Outport" Name="Torques" SID="681">
    <P Name="Position">[540, 328, 570, 342]</P>
    <P Name="ZOrder">115</P>
    <P Name="Port">2</P>
  </Block>
  <Line>
    <P Name="ZOrder">1</P>
    <P Name="Src">628#out:1</P>
    <P Name="Dst">632#in:1</P>
  </Line>
  <Line>
    <P Name="ZOrder">2</P>
    <P Name="Src">629#out:1</P>
    <P Name="Dst">637#in:1</P>
  </Line>
  <Line>
    <P Name="ZOrder">3</P>
    <P Name="Src">630#out:1</P>
    <P Name="Dst">642#in:1</P>
  </Line>
  <Line>
    <P Name="ZOrder">4</P>
    <P Name="Src">631#out:1</P>
    <P Name="Dst">647#in:1</P>
  </Line>
  <Line>
    <P Name="ZOrder">5</P>
    <P Name="Src">665#out:1</P>
    <P Name="Dst">656#in:2</P>
  </Line>
  <Line>
    <P Name="ZOrder">6</P>
    <P Name="Src">670#out:1</P>
    <P Name="Dst">656#in:3</P>
  </Line>
  <Line>
    <P Name="ZOrder">7</P>
    <P Name="Src">675#out:1</P>
    <P Name="Dst">656#in:4</P>
  </Line>
  <Line>
    <P Name="ZOrder">8</P>
    <P Name="Src">657#out:1</P>
    <P Name="Dst">658#in:1</P>
  </Line>
  <Line>
    <P Name="ZOrder">9</P>
    <P Name="Src">632#out:1</P>
    <P Name="Dst">652#in:1</P>
  </Line>
  <Line>
    <P Name="ZOrder">10</P>
    <P Name="Src">637#out:1</P>
    <P Name="Dst">653#in:1</P>
  </Line>
  <Line>
    <P Name="ZOrder">11</P>
    <P Name="Src">642#out:1</P>
    <P Name="Dst">654#in:1</P>
  </Line>
  <Line>
    <P Name="ZOrder">12</P>
    <P Name="Src">647#out:1</P>
    <P Name="Dst">655#in:1</P>
  </Line>
  <Line>
    <P Name="ZOrder">13</P>
    <P Name="Src">652#out:1</P>
    <P Name="Points">[95, 0]</P>
    <Branch>
      <P Name="ZOrder">14</P>
      <P Name="Dst">657#in:1</P>
    </Branch>
    <Branch>
      <P Name="ZOrder">15</P>
      <P Name="Points">[0, 235]</P>
      <P Name="Dst">660#in:1</P>
    </Branch>
  </Line>
  <Line>
    <P Name="ZOrder">16</P>
    <P Name="Src">653#out:1</P>
    <P Name="Points">[78, 0]</P>
    <Branch>
      <P Name="ZOrder">17</P>
      <P Name="Dst">657#in:2</P>
    </Branch>
    <Branch>
      <P Name="ZOrder">18</P>
      <P Name="Points">[0, 230]</P>
      <P Name="Dst">665#in:1</P>
    </Branch>
  </Line>
  <Line>
    <P Name="ZOrder">19</P>
    <P Name="Src">654#out:1</P>
    <P Name="Points">[64, 0]</P>
    <Branch>
      <P Name="ZOrder">20</P>
      <P Name="Dst">657#in:3</P>
    </Branch>
    <Branch>
      <P Name="ZOrder">21</P>
      <P Name="Points">[0, 225]</P>
      <P Name="Dst">670#in:1</P>
    </Branch>
  </Line>
  <Line>
    <P Name="ZOrder">22</P>
    <P Name="Src">655#out:1</P>
    <P Name="Points">[48, 0]</P>
    <Branch>
      <P Name="ZOrder">23</P>
      <P Name="Dst">657#in:4</P>
    </Branch>
    <Branch>
      <P Name="ZOrder">24</P>
      <P Name="Points">[0, 220]</P>
      <P Name="Dst">675#in:1</P>
    </Branch>
  </Line>
  <Line>
    <P Name="ZOrder">25</P>
    <P Name="Src">658#out:1</P>
    <P Name="Dst">680#in:1</P>
  </Line>
  <Line>
    <P Name="ZOrder">26</P>
    <P Name="Src">656#out:1</P>
    <P Name="Dst">659#in:1</P>
  </Line>
  <Line>
    <P Name="ZOrder">27</P>
    <P Name="Src">659#out:1</P>
    <P Name="Dst">681#in:1</P>
  </Line>
  <Line>
    <P Name="ZOrder">28</P>
    <P Name="Src">660#out:1</P>
    <P Name="Dst">656#in:1</P>
  </Line>
  <Annotation SID="684">
    <P Name="Name">&lt;!DOCTYPE HTML PUBLIC &quot;-//W3C//DTD HTML 4.0//EN&quot; &quot;http://www.w3.org/TR/REC-html40/strict.dtd&quot;&gt;
&lt;html&gt;&lt;head&gt;&lt;meta name=&quot;qrichtext&quot; content=&quot;1&quot; /&gt;&lt;style type=&quot;text/css&quot;&gt;
p, li { white-space: pre-wrap; }
&lt;/style&gt;&lt;/head&gt;&lt;body align=&quot;left&quot; style=&quot; font-family:&apos;Helvetica&apos;; font-size:10px; font-weight:400; font-style:normal;&quot;&gt;
&lt;p align=&quot;left&quot; style=&quot; margin-top:0px; margin-bottom:0px; margin-left:0px; margin-right:0px; -qt-block-indent:0; text-indent:0px;&quot;&gt;&lt;span style=&quot; font-family:&apos;.AppleSystemUIFont&apos;; font-size:12px;&quot;&gt;Introduce motor dynamics&lt;/span&gt;&lt;/p&gt;&lt;/body&gt;&lt;/html&gt;</P>
    <P Name="Position">[110, -62, 189, -15]</P>
    <P Name="InternalMargins">[0, 0, 0, 0]</P>
    <P Name="FixedHeight">on</P>
    <P Name="FixedWidth">on</P>
    <P Name="Interpreter">rich</P>
    <P Name="ZOrder">-1</P>
  </Annotation>
  <Annotation SID="683">
    <P Name="Name">&lt;!DOCTYPE HTML PUBLIC &quot;-//W3C//DTD HTML 4.0//EN&quot; &quot;http://www.w3.org/TR/REC-html40/strict.dtd&quot;&gt;
&lt;html&gt;&lt;head&gt;&lt;meta name=&quot;qrichtext&quot; content=&quot;1&quot; /&gt;&lt;style type=&quot;text/css&quot;&gt;
p, li { white-space: pre-wrap; }
&lt;/style&gt;&lt;/head&gt;&lt;body align=&quot;left&quot; style=&quot; font-family:&apos;Helvetica&apos;; font-size:10px; font-weight:400; font-style:normal;&quot;&gt;
&lt;p align=&quot;left&quot; style=&quot; margin-top:0px; margin-bottom:0px; margin-left:0px; margin-right:0px; -qt-block-indent:0; text-indent:0px;&quot;&gt;&lt;span style=&quot; font-size:12px;&quot;&gt;Map the Motor command into a Thrust, using the identified model.&lt;/span&gt;&lt;/p&gt;
&lt;p align=&quot;left&quot; style=&quot;-qt-paragraph-type:empty; margin-top:0px; margin-bottom:0px; margin-left:0px; margin-right:0px; -qt-block-indent:0; text-indent:0px; font-size:12px;&quot;&gt;&lt;br /&gt;&lt;/p&gt;
&lt;p align=&quot;left&quot; style=&quot; margin-top:0px; margin-bottom:0px; margin-left:0px; margin-right:0px; -qt-block-indent:0; text-indent:0px;&quot;&gt;&lt;span style=&quot; font-size:11px;&quot;&gt;f = polynomial(cmd) &lt;/span&gt;&lt;/p&gt;&lt;/body&gt;&lt;/html&gt;</P>
    <P Name="Position">[-233, -84, 98, -30]</P>
    <P Name="InternalMargins">[0, 0, 0, 0]</P>
    <P Name="FixedHeight">on</P>
    <P Name="FixedWidth">on</P>
    <P Name="Interpreter">rich</P>
    <P Name="ZOrder">-2</P>
  </Annotation>
  <Annotation SID="682">
    <P Name="Name">&lt;!DOCTYPE HTML PUBLIC &quot;-//W3C//DTD HTML 4.0//EN&quot; &quot;http://www.w3.org/TR/REC-html40/strict.dtd&quot;&gt;
&lt;html&gt;&lt;head&gt;&lt;meta name=&quot;qrichtext&quot; content=&quot;1&quot; /&gt;&lt;style type=&quot;text/css&quot;&gt;
p, li { white-space: pre-wrap; }
&lt;/style&gt;&lt;/head&gt;&lt;body align=&quot;left&quot; style=&quot; font-family:&apos;Helvetica&apos;; font-size:10px; font-weight:400; font-style:normal;&quot;&gt;
&lt;p align=&quot;left&quot; style=&quot; margin-top:0px; margin-bottom:0px; margin-left:0px; margin-right:0px; -qt-block-indent:0; text-indent:0px;&quot;&gt;&lt;span style=&quot; font-size:10px;&quot;&gt;Model for the torque generated by the drag.&lt;/span&gt;&lt;/p&gt;&lt;/body&gt;&lt;/html&gt;</P>
    <P Name="Position">[461, 245, 540, 292]</P>
    <P Name="InternalMargins">[0, 0, 0, 0]</P>
    <P Name="FixedHeight">on</P>
    <P Name="FixedWidth">on</P>
    <P Name="Interpreter">rich</P>
    <P Name="ZOrder">-3</P>
  </Annotation>
</System>
