<?xml version="1.0" encoding="utf-8"?>
<System>
  <P Name="Location">[74, 35, 1429, 1080]</P>
  <P Name="SystemRect">[0.000000, 0.000000, 0.000000, 0.000000]</P>
  <P Name="SetExecutionDomain">off</P>
  <P Name="ExecutionDomainType">Deduce</P>
  <P Name="ScreenColor">white</P>
  <P Name="ZoomFactor">175</P>
  <P Name="SimulinkSubDomain">Simulink</P>
  <Block BlockType="Inport" Name="t" SID="116">
    <P Name="Position">[-45, 203, -15, 217]</P>
    <P Name="ZOrder">502</P>
  </Block>
  <Block BlockType="Inport" Name="Offset" SID="366">
    <P Name="Position">[-45, -147, -15, -133]</P>
    <P Name="ZOrder">547</P>
    <P Name="Port">2</P>
  </Block>
  <Block BlockType="Inport" Name="Duration" SID="367">
    <P Name="Position">[-45, -262, -15, -248]</P>
    <P Name="ZOrder">548</P>
    <P Name="Port">3</P>
  </Block>
  <Block BlockType="Sum" Name="Add" SID="117">
    <P Name="Ports">[2, 1]</P>
    <P Name="Position">[485, -263, 515, -232]</P>
    <P Name="ZOrder">534</P>
    <P Name="IconShape">rectangular</P>
    <P Name="Inputs">+-</P>
  </Block>
  <Block BlockType="Sum" Name="Add1" SID="328">
    <P Name="Ports">[2, 1]</P>
    <P Name="Position">[520, -88, 550, -57]</P>
    <P Name="ZOrder">545</P>
    <P Name="IconShape">rectangular</P>
  </Block>
  <Block BlockType="Reference" Name="Compare&#xA;To Zero" SID="118">
    <P Name="Ports">[1, 1]</P>
    <P Name="Position">[555, -260, 585, -230]</P>
    <P Name="ZOrder">533</P>
    <P Name="LibraryVersion">1.476</P>
    <P Name="SourceBlock">simulink/Logic and Bit
Operations/Compare
To Zero</P>
    <P Name="SourceType">Compare To Zero</P>
    <P Name="SourceProductBaseCode">SL</P>
    <InstanceData>
      <P Name="RTWMemSecFuncInitTerm">Inherit from model</P>
      <P Name="RTWMemSecFuncExecute">Inherit from model</P>
      <P Name="RTWMemSecDataConstants">Inherit from model</P>
      <P Name="RTWMemSecDataInternal">Inherit from model</P>
      <P Name="RTWMemSecDataParameters">Inherit from model</P>
      <P Name="ContentPreviewEnabled">on</P>
      <P Name="relop">&gt;=</P>
      <P Name="OutDataTypeStr">boolean</P>
      <P Name="ZeroCross">on</P>
    </InstanceData>
  </Block>
  <Block BlockType="Constant" Name="Constant1" SID="120">
    <P Name="Position">[570, 490, 600, 520]</P>
    <P Name="ZOrder">540</P>
    <P Name="Value">[0;0;0]</P>
  </Block>
  <Block BlockType="Constant" Name="Constant2" SID="121">
    <P Name="Position">[570, 310, 600, 340]</P>
    <P Name="ZOrder">541</P>
    <P Name="Value">[0;0;0]</P>
  </Block>
  <Block BlockType="Constant" Name="Constant3" SID="122">
    <P Name="Position">[570, 130, 600, 160]</P>
    <P Name="ZOrder">542</P>
    <P Name="Value">[0;0;0]</P>
  </Block>
  <Block BlockType="Delay" Name="Delay" SID="123">
    <P Name="Ports">[1, 1]</P>
    <P Name="Position">[760, 3, 795, 37]</P>
    <P Name="ZOrder">544</P>
    <P Name="BlockMirror">on</P>
    <P Name="NameLocation">top</P>
    <P Name="InputPortMap">u0</P>
    <P Name="DelayLength">1</P>
  </Block>
  <Block BlockType="Mux" Name="Mux" SID="124">
    <P Name="Ports">[3, 1]</P>
    <P Name="Position">[450, 423, 455, 527]</P>
    <P Name="ZOrder">506</P>
    <P Name="Inputs">3</P>
    <P Name="DisplayOption">bar</P>
  </Block>
  <Block BlockType="Mux" Name="Mux1" SID="125">
    <P Name="Ports">[3, 1]</P>
    <P Name="Position">[450, 243, 455, 347]</P>
    <P Name="ZOrder">507</P>
    <P Name="Inputs">3</P>
    <P Name="DisplayOption">bar</P>
  </Block>
  <Block BlockType="Mux" Name="Mux2" SID="126">
    <P Name="Ports">[3, 1]</P>
    <P Name="Position">[450, 63, 455, 167]</P>
    <P Name="ZOrder">508</P>
    <P Name="Inputs">3</P>
    <P Name="DisplayOption">bar</P>
  </Block>
  <Block BlockType="Mux" Name="Mux3" SID="127">
    <P Name="Ports">[3, 1]</P>
    <P Name="Position">[450, -117, 455, -13]</P>
    <P Name="ZOrder">513</P>
    <P Name="Inputs">3</P>
    <P Name="DisplayOption">bar</P>
  </Block>
  <Block BlockType="Polyval" Name="Polynomial" SID="128">
    <P Name="Position">[240, -115, 300, -85]</P>
    <P Name="ZOrder">486</P>
    <P Name="Coefs">flip(coeff_x)</P>
  </Block>
  <Block BlockType="Polyval" Name="Polynomial1" SID="129">
    <P Name="Position">[240, -80, 300, -50]</P>
    <P Name="ZOrder">487</P>
    <P Name="Coefs">flip(coeff_y)</P>
  </Block>
  <Block BlockType="Polyval" Name="Polynomial10" SID="130">
    <P Name="Position">[240, 460, 300, 490]</P>
    <P Name="ZOrder">525</P>
    <P Name="Coefs">flip(coeff_jy)</P>
  </Block>
  <Block BlockType="Polyval" Name="Polynomial11" SID="131">
    <P Name="Position">[240, 495, 300, 525]</P>
    <P Name="ZOrder">526</P>
    <P Name="Coefs">flip(coeff_jz)</P>
  </Block>
  <Block BlockType="Polyval" Name="Polynomial2" SID="132">
    <P Name="Position">[240, -45, 300, -15]</P>
    <P Name="ZOrder">488</P>
    <P Name="Coefs">flip(coeff_z)</P>
  </Block>
  <Block BlockType="Polyval" Name="Polynomial3" SID="133">
    <P Name="Position">[240, 65, 300, 95]</P>
    <P Name="ZOrder">518</P>
    <P Name="Coefs">flip(coeff_vx)</P>
  </Block>
  <Block BlockType="Polyval" Name="Polynomial4" SID="134">
    <P Name="Position">[240, 100, 300, 130]</P>
    <P Name="ZOrder">519</P>
    <P Name="Coefs">flip(coeff_vy)</P>
  </Block>
  <Block BlockType="Polyval" Name="Polynomial5" SID="135">
    <P Name="Position">[240, 135, 300, 165]</P>
    <P Name="ZOrder">520</P>
    <P Name="Coefs">flip(coeff_vz)</P>
  </Block>
  <Block BlockType="Polyval" Name="Polynomial6" SID="136">
    <P Name="Position">[240, 245, 300, 275]</P>
    <P Name="ZOrder">521</P>
    <P Name="Coefs">flip(coeff_ax)</P>
  </Block>
  <Block BlockType="Polyval" Name="Polynomial7" SID="137">
    <P Name="Position">[240, 280, 300, 310]</P>
    <P Name="ZOrder">522</P>
    <P Name="Coefs">flip(coeff_ay)</P>
  </Block>
  <Block BlockType="Polyval" Name="Polynomial8" SID="138">
    <P Name="Position">[240, 315, 300, 345]</P>
    <P Name="ZOrder">523</P>
    <P Name="Coefs">flip(coeff_az)</P>
  </Block>
  <Block BlockType="Polyval" Name="Polynomial9" SID="139">
    <P Name="Position">[240, 425, 300, 455]</P>
    <P Name="ZOrder">524</P>
    <P Name="Coefs">flip(coeff_jx)</P>
  </Block>
  <Block BlockType="Switch" Name="Switch" SID="140">
    <P Name="Position">[810, -75, 860, -35]</P>
    <P Name="ZOrder">536</P>
    <P Name="Criteria">u2 &gt; Threshold</P>
    <P Name="InputSameDT">off</P>
    <P Name="SaturateOnIntegerOverflow">off</P>
  </Block>
  <Block BlockType="Switch" Name="Switch1" SID="141">
    <P Name="Position">[720, 110, 770, 150]</P>
    <P Name="ZOrder">537</P>
    <P Name="Criteria">u2 &gt; Threshold</P>
    <P Name="InputSameDT">off</P>
    <P Name="SaturateOnIntegerOverflow">off</P>
  </Block>
  <Block BlockType="Switch" Name="Switch2" SID="142">
    <P Name="Position">[715, 290, 765, 330]</P>
    <P Name="ZOrder">538</P>
    <P Name="Criteria">u2 &gt; Threshold</P>
    <P Name="InputSameDT">off</P>
    <P Name="SaturateOnIntegerOverflow">off</P>
  </Block>
  <Block BlockType="Switch" Name="Switch3" SID="143">
    <P Name="Position">[715, 470, 765, 510]</P>
    <P Name="ZOrder">539</P>
    <P Name="Criteria">u2 &gt; Threshold</P>
    <P Name="InputSameDT">off</P>
    <P Name="SaturateOnIntegerOverflow">off</P>
  </Block>
  <Block BlockType="InportShadow" Name="t1" SID="144">
    <P Name="Position">[390, -247, 420, -233]</P>
    <P Name="ZOrder">531</P>
  </Block>
  <Block BlockType="Outport" Name="P" SID="145">
    <P Name="Position">[920, -57, 950, -43]</P>
    <P Name="ZOrder">512</P>
  </Block>
  <Block BlockType="Outport" Name="V" SID="146">
    <P Name="Position">[820, 123, 850, 137]</P>
    <P Name="ZOrder">511</P>
    <P Name="Port">2</P>
  </Block>
  <Block BlockType="Outport" Name="A" SID="147">
    <P Name="Position">[820, 303, 850, 317]</P>
    <P Name="ZOrder">510</P>
    <P Name="Port">3</P>
  </Block>
  <Block BlockType="Outport" Name="J" SID="148">
    <P Name="Position">[820, 483, 850, 497]</P>
    <P Name="ZOrder">543</P>
    <P Name="Port">4</P>
  </Block>
  <Line>
    <P Name="ZOrder">1</P>
    <P Name="Src">124#out:1</P>
    <P Name="Dst">143#in:1</P>
  </Line>
  <Line>
    <P Name="ZOrder">2</P>
    <P Name="Src">116#out:1</P>
    <P Name="Points">[213, 0]</P>
    <Branch>
      <P Name="ZOrder">3</P>
      <P Name="Points">[0, -60]</P>
      <Branch>
        <P Name="ZOrder">4</P>
        <P Name="Points">[0, -35]</P>
        <Branch>
          <P Name="ZOrder">5</P>
          <P Name="Dst">134#in:1</P>
        </Branch>
        <Branch>
          <P Name="ZOrder">6</P>
          <P Name="Points">[0, -35]</P>
          <Branch>
            <P Name="ZOrder">7</P>
            <P Name="Points">[0, -110]</P>
            <Branch>
              <P Name="ZOrder">8</P>
              <P Name="Points">[0, -35]</P>
              <Branch>
                <P Name="ZOrder">9</P>
                <P Name="Points">[0, -35]</P>
                <P Name="Dst">128#in:1</P>
              </Branch>
              <Branch>
                <P Name="ZOrder">10</P>
                <P Name="Dst">129#in:1</P>
              </Branch>
            </Branch>
            <Branch>
              <P Name="ZOrder">11</P>
              <P Name="Dst">132#in:1</P>
            </Branch>
          </Branch>
          <Branch>
            <P Name="ZOrder">12</P>
            <P Name="Dst">133#in:1</P>
          </Branch>
        </Branch>
      </Branch>
      <Branch>
        <P Name="ZOrder">13</P>
        <P Name="Dst">135#in:1</P>
      </Branch>
    </Branch>
    <Branch>
      <P Name="ZOrder">14</P>
      <P Name="Points">[0, 50]</P>
      <Branch>
        <P Name="ZOrder">15</P>
        <P Name="Points">[0, 35]</P>
        <Branch>
          <P Name="ZOrder">16</P>
          <P Name="Points">[0, 35]</P>
          <Branch>
            <P Name="ZOrder">17</P>
            <P Name="Dst">138#in:1</P>
          </Branch>
          <Branch>
            <P Name="ZOrder">18</P>
            <P Name="Points">[0, 110]</P>
            <Branch>
              <P Name="ZOrder">19</P>
              <P Name="Points">[0, 35]</P>
              <Branch>
                <P Name="ZOrder">20</P>
                <P Name="Points">[0, 35]</P>
                <P Name="Dst">131#in:1</P>
              </Branch>
              <Branch>
                <P Name="ZOrder">21</P>
                <P Name="Dst">130#in:1</P>
              </Branch>
            </Branch>
            <Branch>
              <P Name="ZOrder">22</P>
              <P Name="Dst">139#in:1</P>
            </Branch>
          </Branch>
        </Branch>
        <Branch>
          <P Name="ZOrder">23</P>
          <P Name="Dst">137#in:1</P>
        </Branch>
      </Branch>
      <Branch>
        <P Name="ZOrder">24</P>
        <P Name="Dst">136#in:1</P>
      </Branch>
    </Branch>
  </Line>
  <Line>
    <P Name="ZOrder">25</P>
    <P Name="Src">128#out:1</P>
    <P Name="Dst">127#in:1</P>
  </Line>
  <Line>
    <P Name="ZOrder">26</P>
    <P Name="Src">129#out:1</P>
    <P Name="Dst">127#in:2</P>
  </Line>
  <Line>
    <P Name="ZOrder">27</P>
    <P Name="Src">132#out:1</P>
    <P Name="Dst">127#in:3</P>
  </Line>
  <Line>
    <P Name="ZOrder">28</P>
    <P Name="Src">135#out:1</P>
    <P Name="Dst">126#in:3</P>
  </Line>
  <Line>
    <P Name="ZOrder">29</P>
    <P Name="Src">134#out:1</P>
    <P Name="Dst">126#in:2</P>
  </Line>
  <Line>
    <P Name="ZOrder">30</P>
    <P Name="Src">133#out:1</P>
    <P Name="Dst">126#in:1</P>
  </Line>
  <Line>
    <P Name="ZOrder">31</P>
    <P Name="Src">136#out:1</P>
    <P Name="Dst">125#in:1</P>
  </Line>
  <Line>
    <P Name="ZOrder">32</P>
    <P Name="Src">137#out:1</P>
    <P Name="Dst">125#in:2</P>
  </Line>
  <Line>
    <P Name="ZOrder">33</P>
    <P Name="Src">138#out:1</P>
    <P Name="Dst">125#in:3</P>
  </Line>
  <Line>
    <P Name="ZOrder">34</P>
    <P Name="Src">131#out:1</P>
    <P Name="Dst">124#in:3</P>
  </Line>
  <Line>
    <P Name="ZOrder">35</P>
    <P Name="Src">130#out:1</P>
    <P Name="Dst">124#in:2</P>
  </Line>
  <Line>
    <P Name="ZOrder">36</P>
    <P Name="Src">139#out:1</P>
    <P Name="Dst">124#in:1</P>
  </Line>
  <Line>
    <P Name="ZOrder">38</P>
    <P Name="Src">144#out:1</P>
    <P Name="Dst">117#in:2</P>
  </Line>
  <Line>
    <P Name="ZOrder">39</P>
    <P Name="Src">117#out:1</P>
    <P Name="Dst">118#in:1</P>
  </Line>
  <Line>
    <P Name="ZOrder">40</P>
    <P Name="Src">118#out:1</P>
    <P Name="Points">[39, 0; 0, 190]</P>
    <Branch>
      <P Name="ZOrder">76</P>
      <P Name="Points">[0, 185]</P>
      <Branch>
        <P Name="ZOrder">43</P>
        <P Name="Points">[0, 180]</P>
        <Branch>
          <P Name="ZOrder">44</P>
          <P Name="Points">[0, 180]</P>
          <P Name="Dst">143#in:2</P>
        </Branch>
        <Branch>
          <P Name="ZOrder">45</P>
          <P Name="Dst">142#in:2</P>
        </Branch>
      </Branch>
      <Branch>
        <P Name="ZOrder">46</P>
        <P Name="Dst">141#in:2</P>
      </Branch>
    </Branch>
    <Branch>
      <P Name="ZOrder">41</P>
      <P Name="Dst">140#in:2</P>
    </Branch>
  </Line>
  <Line>
    <P Name="ZOrder">47</P>
    <P Name="Src">122#out:1</P>
    <P Name="Dst">141#in:3</P>
  </Line>
  <Line>
    <P Name="ZOrder">48</P>
    <P Name="Src">121#out:1</P>
    <P Name="Dst">142#in:3</P>
  </Line>
  <Line>
    <P Name="ZOrder">49</P>
    <P Name="Src">120#out:1</P>
    <P Name="Dst">143#in:3</P>
  </Line>
  <Line>
    <P Name="ZOrder">50</P>
    <P Name="Src">143#out:1</P>
    <P Name="Dst">148#in:1</P>
  </Line>
  <Line>
    <P Name="ZOrder">52</P>
    <P Name="Src">125#out:1</P>
    <P Name="Dst">142#in:1</P>
  </Line>
  <Line>
    <P Name="ZOrder">54</P>
    <P Name="Src">140#out:1</P>
    <P Name="Points">[29, 0; 0, 5]</P>
    <Branch>
      <P Name="ZOrder">55</P>
      <P Name="Dst">145#in:1</P>
    </Branch>
    <Branch>
      <P Name="ZOrder">56</P>
      <P Name="Points">[0, 70]</P>
      <P Name="Dst">123#in:1</P>
    </Branch>
  </Line>
  <Line>
    <P Name="ZOrder">57</P>
    <P Name="Src">141#out:1</P>
    <P Name="Dst">146#in:1</P>
  </Line>
  <Line>
    <P Name="ZOrder">58</P>
    <P Name="Src">126#out:1</P>
    <P Name="Dst">141#in:1</P>
  </Line>
  <Line>
    <P Name="ZOrder">59</P>
    <P Name="Src">123#out:1</P>
    <P Name="Points">[-19, 0; 0, -60]</P>
    <P Name="Dst">140#in:3</P>
  </Line>
  <Line>
    <P Name="ZOrder">60</P>
    <P Name="Src">127#out:1</P>
    <P Name="Dst">328#in:2</P>
  </Line>
  <Line>
    <P Name="ZOrder">62</P>
    <P Name="Src">328#out:1</P>
    <P Name="Dst">140#in:1</P>
  </Line>
  <Line>
    <P Name="ZOrder">65</P>
    <P Name="Src">366#out:1</P>
    <P Name="Points">[498, 0; 0, 60]</P>
    <P Name="Dst">328#in:1</P>
  </Line>
  <Line>
    <P Name="ZOrder">66</P>
    <P Name="Src">367#out:1</P>
    <P Name="Dst">117#in:1</P>
  </Line>
  <Line>
    <P Name="ZOrder">75</P>
    <P Name="Src">142#out:1</P>
    <P Name="Dst">147#in:1</P>
  </Line>
</System>
