<?xml version="1.0" encoding="utf-8"?>
<System>
  <P Name="Location">[156, 97, 2233, 1360]</P>
  <P Name="SystemRect">[0.000000, 0.000000, 0.000000, 0.000000]</P>
  <P Name="SetExecutionDomain">off</P>
  <P Name="ExecutionDomainType">Deduce</P>
  <P Name="ScreenColor">white</P>
  <P Name="ZoomFactor">166</P>
  <P Name="SimulinkSubDomain">Simulink</P>
  <Block BlockType="Inport" Name="Velocity" SID="537">
    <P Name="Position">[-70, -52, -40, -38]</P>
    <P Name="ZOrder">33</P>
  </Block>
  <Block BlockType="Sum" Name="Add" SID="538">
    <P Name="Ports">[2, 1]</P>
    <P Name="Position">[400, -53, 430, -22]</P>
    <P Name="ZOrder">42</P>
    <P Name="IconShape">rectangular</P>
  </Block>
  <Block BlockType="Constant" Name="Constant" SID="539">
    <P Name="Position">[300, 30, 330, 60]</P>
    <P Name="ZOrder">47</P>
    <P Name="Value">0</P>
  </Block>
  <Block BlockType="Gain" Name="Gain" SID="540">
    <P Name="Position">[300, -60, 330, -30]</P>
    <P Name="ZOrder">45</P>
    <P Name="Gain">-1</P>
  </Block>
  <Block BlockType="Gain" Name="K linear" SID="541">
    <P Name="Position">[100, -83, 190, -7]</P>
    <P Name="ZOrder">32</P>
    <P Name="Gain">rot_drag_linear</P>
  </Block>
  <Block BlockType="Outport" Name="Drag" SID="542">
    <P Name="Position">[490, -42, 520, -28]</P>
    <P Name="ZOrder">34</P>
  </Block>
  <Line>
    <P Name="ZOrder">1</P>
    <P Name="Src">537#out:1</P>
    <P Name="Dst">541#in:1</P>
  </Line>
  <Line>
    <P Name="ZOrder">2</P>
    <P Name="Src">541#out:1</P>
    <P Name="Dst">540#in:1</P>
  </Line>
  <Line>
    <P Name="ZOrder">3</P>
    <P Name="Src">538#out:1</P>
    <P Name="Dst">542#in:1</P>
  </Line>
  <Line>
    <P Name="ZOrder">4</P>
    <P Name="Src">540#out:1</P>
    <P Name="Dst">538#in:1</P>
  </Line>
  <Line>
    <P Name="ZOrder">5</P>
    <P Name="Src">539#out:1</P>
    <P Name="Points">[30, 0; 0, -75]</P>
    <P Name="Dst">538#in:2</P>
  </Line>
</System>
