<?xml version="1.0" encoding="utf-8"?>
<System>
  <P Name="Location">[74, 35, 1994, 1073]</P>
  <P Name="SystemRect">[0.000000, 0.000000, 0.000000, 0.000000]</P>
  <P Name="SetExecutionDomain">off</P>
  <P Name="ExecutionDomainType">Deduce</P>
  <P Name="ScreenColor">white</P>
  <P Name="ZoomFactor">150</P>
  <P Name="SimulinkSubDomain">Simulink</P>
  <Block BlockType="Inport" Name="X" SID="394">
    <P Name="Position">[20, 43, 50, 57]</P>
    <P Name="ZOrder">554</P>
  </Block>
  <Block BlockType="Inport" Name="X_ref" SID="395">
    <P Name="Position">[20, 138, 50, 152]</P>
    <P Name="ZOrder">555</P>
    <P Name="Port">2</P>
  </Block>
  <Block BlockType="Inport" Name="U_ff" SID="396">
    <P Name="Position">[20, 213, 50, 227]</P>
    <P Name="ZOrder">556</P>
    <P Name="Port">3</P>
  </Block>
  <Block BlockType="Sum" Name="Add2" SID="88">
    <P Name="Ports">[2, 1]</P>
    <P Name="Position">[320, 87, 350, 118]</P>
    <P Name="ZOrder">510</P>
    <P Name="IconShape">rectangular</P>
    <P Name="Inputs">-+</P>
    <Port>
      <P Name="PortNumber">1</P>
      <P Name="Name">Tracking_Err_Pos</P>
    </Port>
  </Block>
  <Block BlockType="Sum" Name="Add3" SID="89">
    <P Name="Ports">[2, 1]</P>
    <P Name="Position">[320, 122, 350, 153]</P>
    <P Name="ZOrder">512</P>
    <P Name="IconShape">rectangular</P>
    <P Name="Inputs">-+</P>
    <Port>
      <P Name="PortNumber">1</P>
      <P Name="Name">Tracking_Err_Vel</P>
    </Port>
  </Block>
  <Block BlockType="Sum" Name="Add4" SID="90">
    <P Name="Ports">[2, 1]</P>
    <P Name="Position">[320, 157, 350, 188]</P>
    <P Name="ZOrder">513</P>
    <P Name="IconShape">rectangular</P>
    <P Name="Inputs">-+</P>
    <Port>
      <P Name="PortNumber">1</P>
      <P Name="Name">Tracking_Err_Acc</P>
    </Port>
  </Block>
  <Block BlockType="Sum" Name="Add5" SID="91">
    <P Name="Ports">[3, 1]</P>
    <P Name="Position">[585, 124, 615, 156]</P>
    <P Name="ZOrder">517</P>
    <P Name="IconShape">rectangular</P>
    <P Name="Inputs">+++</P>
  </Block>
  <Block BlockType="Sum" Name="Add6" SID="92">
    <P Name="Ports">[2, 1]</P>
    <P Name="Position">[665, 131, 695, 164]</P>
    <P Name="ZOrder">518</P>
    <P Name="IconShape">rectangular</P>
  </Block>
  <Block BlockType="BusCreator" Name="Bus&#xA;Creator" SID="93">
    <P Name="Ports">[3, 1]</P>
    <P Name="Position">[480, 293, 490, 387]</P>
    <P Name="ZOrder">546</P>
    <P Name="Inputs">3</P>
    <P Name="DisplayOption">bar</P>
    <P Name="InheritFromInputs">on</P>
  </Block>
  <Block BlockType="BusCreator" Name="Bus&#xA;Creator1" SID="479">
    <P Name="Ports">[3, 1]</P>
    <P Name="Position">[655, -57, 665, 37]</P>
    <P Name="ZOrder">559</P>
    <P Name="Inputs">3</P>
    <P Name="DisplayOption">bar</P>
    <P Name="InheritFromInputs">on</P>
  </Block>
  <Block BlockType="BusSelector" Name="Bus&#xA;Selector1" SID="95">
    <P Name="Ports">[1, 3]</P>
    <P Name="Position">[145, 93, 150, 197]</P>
    <P Name="ZOrder">553</P>
    <P Name="OutputSignals">pos_ref,v_ref,a_ref</P>
    <Port>
      <P Name="PortNumber">1</P>
      <P Name="Name">&lt;pos_ref&gt;</P>
    </Port>
    <Port>
      <P Name="PortNumber">2</P>
      <P Name="Name">&lt;v_ref&gt;</P>
    </Port>
    <Port>
      <P Name="PortNumber">3</P>
      <P Name="Name">&lt;a_ref&gt;</P>
    </Port>
  </Block>
  <Block BlockType="BusSelector" Name="Bus&#xA;Selector8" SID="96">
    <P Name="Ports">[1, 3]</P>
    <P Name="Position">[240, 23, 245, 77]</P>
    <P Name="ZOrder">511</P>
    <P Name="OutputSignals">w_position,w_velocity,w_acceleration</P>
    <Port>
      <P Name="PortNumber">1</P>
      <P Name="Name">&lt;w_position&gt;</P>
    </Port>
    <Port>
      <P Name="PortNumber">2</P>
      <P Name="Name">&lt;w_velocity&gt;</P>
    </Port>
    <Port>
      <P Name="PortNumber">3</P>
      <P Name="Name">&lt;w_acceleration&gt;</P>
    </Port>
  </Block>
  <Block BlockType="Gain" Name="Gain1" SID="100">
    <P Name="Position">[405, 87, 435, 123]</P>
    <P Name="ZOrder">514</P>
    <P Name="Gain">K(1)</P>
    <Port>
      <P Name="PortNumber">1</P>
      <P Name="Name">U_Pos_FB</P>
    </Port>
  </Block>
  <Block BlockType="Gain" Name="Gain2" SID="101">
    <P Name="Position">[405, 125, 435, 155]</P>
    <P Name="ZOrder">515</P>
    <P Name="Gain">K(2)</P>
    <Port>
      <P Name="PortNumber">1</P>
      <P Name="Name">U_vel_FB</P>
    </Port>
  </Block>
  <Block BlockType="Gain" Name="Gain3" SID="102">
    <P Name="Position">[405, 160, 435, 190]</P>
    <P Name="ZOrder">516</P>
    <P Name="Gain">K(3)</P>
    <Port>
      <P Name="PortNumber">1</P>
      <P Name="Name">U_Acc_FB</P>
    </Port>
  </Block>
  <Block BlockType="Outport" Name="U_jerk" SID="397">
    <P Name="Position">[760, 143, 790, 157]</P>
    <P Name="ZOrder">557</P>
  </Block>
  <Block BlockType="Outport" Name="Tracking_Err" SID="398">
    <P Name="Position">[660, 333, 690, 347]</P>
    <P Name="ZOrder">558</P>
    <P Name="Port">2</P>
  </Block>
  <Block BlockType="Outport" Name="ControlComponents" SID="480">
    <P Name="Position">[720, -17, 750, -3]</P>
    <P Name="ZOrder">560</P>
    <P Name="Port">3</P>
  </Block>
  <Line>
    <P Name="ZOrder">48</P>
    <P Name="Src">93#out:1</P>
    <P Name="Dst">398#in:1</P>
  </Line>
  <Line>
    <P Name="ZOrder">44</P>
    <P Name="Src">394#out:1</P>
    <P Name="Dst">96#in:1</P>
  </Line>
  <Line>
    <P Name="ZOrder">45</P>
    <P Name="Src">395#out:1</P>
    <P Name="Dst">95#in:1</P>
  </Line>
  <Line>
    <P Name="ZOrder">46</P>
    <P Name="Src">396#out:1</P>
    <P Name="Points">[585, 0; 0, -65]</P>
    <P Name="Dst">92#in:2</P>
  </Line>
  <Line>
    <P Name="Name">&lt;w_acceleration&gt;</P>
    <P Name="ZOrder">21</P>
    <P Name="Labels">[0, 0]</P>
    <P Name="Src">96#out:3</P>
    <P Name="Points">[9, 0; 0, 95]</P>
    <P Name="Dst">90#in:1</P>
  </Line>
  <Line>
    <P Name="Name">&lt;pos_ref&gt;</P>
    <P Name="ZOrder">13</P>
    <P Name="Labels">[0, 0]</P>
    <P Name="Src">95#out:1</P>
    <P Name="Dst">88#in:2</P>
  </Line>
  <Line>
    <P Name="ZOrder">47</P>
    <P Name="Src">92#out:1</P>
    <P Name="Dst">397#in:1</P>
  </Line>
  <Line>
    <P Name="Name">Tracking_Err_Acc</P>
    <P Name="ZOrder">16</P>
    <P Name="Src">90#out:1</P>
    <P Name="Points">[13, 0]</P>
    <Branch>
      <P Name="ZOrder">17</P>
      <P Name="Labels">[2, 1]</P>
      <P Name="Points">[0, 195]</P>
      <P Name="Dst">93#in:3</P>
    </Branch>
    <Branch>
      <P Name="ZOrder">18</P>
      <P Name="Dst">102#in:1</P>
    </Branch>
  </Line>
  <Line>
    <P Name="Name">Tracking_Err_Vel</P>
    <P Name="ZOrder">31</P>
    <P Name="Src">89#out:1</P>
    <P Name="Points">[6, 0]</P>
    <Branch>
      <P Name="ZOrder">32</P>
      <P Name="Labels">[2, 1]</P>
      <P Name="Points">[0, 200]</P>
      <P Name="Dst">93#in:2</P>
    </Branch>
    <Branch>
      <P Name="ZOrder">33</P>
      <P Name="Dst">101#in:1</P>
    </Branch>
  </Line>
  <Line>
    <P Name="Name">&lt;a_ref&gt;</P>
    <P Name="ZOrder">3</P>
    <P Name="Labels">[0, 0]</P>
    <P Name="Src">95#out:3</P>
    <P Name="Dst">90#in:2</P>
  </Line>
  <Line>
    <P Name="Name">Tracking_Err_Pos</P>
    <P Name="ZOrder">24</P>
    <P Name="Src">88#out:1</P>
    <P Name="Points">[19, 0]</P>
    <Branch>
      <P Name="ZOrder">25</P>
      <P Name="Labels">[2, 1]</P>
      <P Name="Points">[0, 205]</P>
      <P Name="Dst">93#in:1</P>
    </Branch>
    <Branch>
      <P Name="ZOrder">26</P>
      <P Name="Dst">100#in:1</P>
    </Branch>
  </Line>
  <Line>
    <P Name="Name">U_Acc_FB</P>
    <P Name="ZOrder">28</P>
    <P Name="Src">102#out:1</P>
    <P Name="Points">[45, 0]</P>
    <Branch>
      <P Name="ZOrder">81</P>
      <P Name="Labels">[2, 1]</P>
      <P Name="Points">[0, -155]</P>
      <P Name="Dst">479#in:3</P>
    </Branch>
    <Branch>
      <P Name="ZOrder">80</P>
      <P Name="Points">[79, 0; 0, -25]</P>
      <P Name="Dst">91#in:3</P>
    </Branch>
  </Line>
  <Line>
    <P Name="Name">U_vel_FB</P>
    <P Name="ZOrder">20</P>
    <P Name="Src">101#out:1</P>
    <P Name="Points">[35, 0]</P>
    <Branch>
      <P Name="ZOrder">79</P>
      <P Name="Labels">[2, 1]</P>
      <P Name="Points">[0, -150]</P>
      <P Name="Dst">479#in:2</P>
    </Branch>
    <Branch>
      <P Name="ZOrder">78</P>
      <P Name="Dst">91#in:2</P>
    </Branch>
  </Line>
  <Line>
    <P Name="Name">U_Pos_FB</P>
    <P Name="ZOrder">35</P>
    <P Name="Src">100#out:1</P>
    <P Name="Points">[23, 0]</P>
    <Branch>
      <P Name="ZOrder">73</P>
      <P Name="Labels">[2, 1]</P>
      <P Name="Points">[0, -145]</P>
      <P Name="Dst">479#in:1</P>
    </Branch>
    <Branch>
      <P Name="ZOrder">72</P>
      <P Name="Points">[103, 0; 0, 25]</P>
      <P Name="Dst">91#in:1</P>
    </Branch>
  </Line>
  <Line>
    <P Name="Name">&lt;w_velocity&gt;</P>
    <P Name="ZOrder">23</P>
    <P Name="Labels">[0, 0]</P>
    <P Name="Src">96#out:2</P>
    <P Name="Points">[18, 0; 0, 80]</P>
    <P Name="Dst">89#in:1</P>
  </Line>
  <Line>
    <P Name="Name">&lt;w_position&gt;</P>
    <P Name="ZOrder">29</P>
    <P Name="Labels">[0, 0]</P>
    <P Name="Src">96#out:1</P>
    <P Name="Points">[32, 0; 0, 65]</P>
    <P Name="Dst">88#in:1</P>
  </Line>
  <Line>
    <P Name="Name">&lt;v_ref&gt;</P>
    <P Name="ZOrder">1</P>
    <P Name="Labels">[0, 0]</P>
    <P Name="Src">95#out:2</P>
    <P Name="Dst">89#in:2</P>
  </Line>
  <Line>
    <P Name="ZOrder">5</P>
    <P Name="Src">91#out:1</P>
    <P Name="Dst">92#in:1</P>
  </Line>
  <Line>
    <P Name="ZOrder">82</P>
    <P Name="Src">479#out:1</P>
    <P Name="Dst">480#in:1</P>
  </Line>
</System>
