<?xml version="1.0" encoding="utf-8"?>
<System>
  <P Name="Location">[960, 20, 2880, 1058]</P>
  <P Name="SystemRect">[0.000000, 0.000000, 0.000000, 0.000000]</P>
  <P Name="SetExecutionDomain">off</P>
  <P Name="ExecutionDomainType">Deduce</P>
  <P Name="ScreenColor">white</P>
  <P Name="ZoomFactor">125</P>
  <P Name="SimulinkSubDomain">Simulink</P>
  <Block BlockType="Inport" Name="b_Thrust" SID="512">
    <P Name="Position">[-305, -37, -275, -23]</P>
    <P Name="ZOrder">21</P>
  </Block>
  <Block BlockType="Inport" Name="b_Torques" SID="513">
    <P Name="Position">[-305, 283, -275, 297]</P>
    <P Name="ZOrder">23</P>
    <P Name="Port">2</P>
  </Block>
  <Block BlockType="SubSystem" Name="Angular Motion" SID="514">
    <P Name="Ports">[2, 4]</P>
    <P Name="Position">[70, 253, 255, 392]</P>
    <P Name="ZOrder">20</P>
    <P Name="RequestExecContextInheritance">off</P>
    <P Name="ContentPreviewEnabled">on</P>
    <Mask>
      <Display RunInitForIconRedraw="off"/>
      <MaskParameter Name="InertiaMatrix" Type="edit">
        <Prompt>Vehicle Inertia Matrix</Prompt>
        <Value>InertiaMatrix</Value>
      </MaskParameter>
      <MaskParameter Name="Inv_InertiaMatrix" Type="edit">
        <Prompt>Vehicle Inertia Matrix(Inverse)</Prompt>
        <Value>Inv_InertiaMatrix</Value>
      </MaskParameter>
      <MaskParameter Name="InitialAngularVelocity" Type="edit">
        <Prompt>Initial Angular Velocity</Prompt>
        <Value>zeros(3,1)</Value>
      </MaskParameter>
      <DialogControl Type="Group" Name="DescGroupVar">
        <Prompt>%&lt;MaskType&gt;</Prompt>
        <DialogControl Type="Text" Name="DescTextVar">
          <Prompt>%&lt;MaskDescription&gt;</Prompt>
        </DialogControl>
      </DialogControl>
      <DialogControl Type="Group" Name="ParameterGroupVar">
        <Prompt>Simulink:studio:ToolBarParametersMenu</Prompt>
        <DialogControl Type="Edit" Name="InertiaMatrix">
          <Prompt>Vehicle Inertia Matrix</Prompt>
          <ControlOptions PromptLocation="left"/>
        </DialogControl>
        <DialogControl Type="Edit" Name="Inv_InertiaMatrix">
          <Prompt>Vehicle Inertia Matrix(Inverse)</Prompt>
          <ControlOptions PromptLocation="left"/>
        </DialogControl>
        <DialogControl Type="Edit" Name="InitialAngularVelocity">
          <Prompt>Initial Angular Velocity</Prompt>
          <ControlOptions PromptLocation="left"/>
        </DialogControl>
      </DialogControl>
    </Mask>
    <Port>
      <P Name="PortNumber">1</P>
      <P Name="Name">q_wb</P>
      <P Name="PropagatedSignals">y</P>
    </Port>
    <Port>
      <P Name="PortNumber">2</P>
      <P Name="Name">b_w</P>
    </Port>
    <Port>
      <P Name="PortNumber">3</P>
      <P Name="Name">b_wd</P>
    </Port>
    <Port>
      <P Name="PortNumber">4</P>
      <P Name="Name">rpy</P>
    </Port>
    <System Ref="system_514"/>
  </Block>
  <Block BlockType="SubSystem" Name="Angular Motion Drag Model1" SID="536">
    <P Name="Ports">[1, 1]</P>
    <P Name="Position">[120, 477, 230, 523]</P>
    <P Name="ZOrder">129</P>
    <P Name="BlockMirror">on</P>
    <P Name="NameLocation">top</P>
    <P Name="RequestExecContextInheritance">off</P>
    <P Name="ContentPreviewEnabled">on</P>
    <Mask>
      <Display RunInitForIconRedraw="off"/>
      <MaskParameter Name="rot_drag_linear" Type="edit">
        <Prompt>Drag Linear</Prompt>
        <Value>rot_linear_drag_coef</Value>
      </MaskParameter>
      <DialogControl Type="Group" Name="DescGroupVar">
        <Prompt>%&lt;MaskType&gt;</Prompt>
        <DialogControl Type="Text" Name="DescTextVar">
          <Prompt>%&lt;MaskDescription&gt;</Prompt>
        </DialogControl>
      </DialogControl>
      <DialogControl Type="Group" Name="ParameterGroupVar">
        <Prompt>Simulink:studio:ToolBarParametersMenu</Prompt>
        <DialogControl Type="Edit" Name="rot_drag_linear">
          <Prompt>Drag Linear</Prompt>
          <ControlOptions PromptLocation="left"/>
        </DialogControl>
      </DialogControl>
    </Mask>
    <System Ref="system_536"/>
  </Block>
  <Block BlockType="BusCreator" Name="Bus&#xA;Creator4" SID="604">
    <P Name="Ports">[3, 1]</P>
    <P Name="Position">[390, -35, 395, 45]</P>
    <P Name="ZOrder">585</P>
    <P Name="ShowName">off</P>
    <P Name="Inputs">3</P>
    <P Name="DisplayOption">bar</P>
    <P Name="InheritFromInputs">on</P>
  </Block>
  <Block BlockType="BusCreator" Name="Bus&#xA;Creator5" SID="605">
    <P Name="Ports">[4, 1]</P>
    <P Name="Position">[465, 254, 470, 391]</P>
    <P Name="ZOrder">586</P>
    <P Name="ShowName">off</P>
    <P Name="Inputs">4</P>
    <P Name="DisplayOption">bar</P>
    <P Name="InheritFromInputs">on</P>
  </Block>
  <Block BlockType="Gain" Name="Gain" SID="543">
    <P Name="Position">[-220, -53, -170, -7]</P>
    <P Name="ZOrder">125</P>
    <P Name="Gain">[0; 0; 1]</P>
  </Block>
  <Block BlockType="SubSystem" Name="Linear Motion" SID="544">
    <P Name="Ports">[2, 3]</P>
    <P Name="Position">[95, -34, 230, 44]</P>
    <P Name="ZOrder">19</P>
    <P Name="RequestExecContextInheritance">off</P>
    <P Name="ContentPreviewEnabled">on</P>
    <Mask>
      <Display RunInitForIconRedraw="off"/>
      <MaskParameter Name="Mass" Type="edit">
        <Prompt>Vehicle Mass</Prompt>
        <Value>Mass</Value>
      </MaskParameter>
      <MaskParameter Name="InitialPosition" Type="edit">
        <Prompt>Initial Position</Prompt>
        <Value>x0(1:3);</Value>
      </MaskParameter>
      <MaskParameter Name="InitialVelocity" Type="edit">
        <Prompt>Initial Velocity</Prompt>
        <Value>x0(4:6);</Value>
      </MaskParameter>
      <DialogControl Type="Group" Name="DescGroupVar">
        <Prompt>%&lt;MaskType&gt;</Prompt>
        <DialogControl Type="Text" Name="DescTextVar">
          <Prompt>%&lt;MaskDescription&gt;</Prompt>
        </DialogControl>
      </DialogControl>
      <DialogControl Type="Group" Name="ParameterGroupVar">
        <Prompt>Simulink:studio:ToolBarParametersMenu</Prompt>
        <DialogControl Type="Edit" Name="Mass">
          <Prompt>Vehicle Mass</Prompt>
          <ControlOptions PromptLocation="left"/>
        </DialogControl>
        <DialogControl Type="Edit" Name="InitialPosition">
          <Prompt>Initial Position</Prompt>
          <ControlOptions PromptLocation="left"/>
        </DialogControl>
        <DialogControl Type="Edit" Name="InitialVelocity">
          <Prompt>Initial Velocity</Prompt>
          <ControlOptions PromptLocation="left"/>
        </DialogControl>
      </DialogControl>
    </Mask>
    <Port>
      <P Name="PortNumber">1</P>
      <P Name="Name">w_position</P>
    </Port>
    <Port>
      <P Name="PortNumber">2</P>
      <P Name="Name">w_velocity</P>
    </Port>
    <Port>
      <P Name="PortNumber">3</P>
      <P Name="Name">w_acceleration</P>
    </Port>
    <System Ref="system_544"/>
  </Block>
  <Block BlockType="SubSystem" Name="Linear Motion Drag Model1" SID="566">
    <P Name="Ports">[1, 1]</P>
    <P Name="Position">[110, 92, 220, 138]</P>
    <P Name="ZOrder">128</P>
    <P Name="BlockMirror">on</P>
    <P Name="NameLocation">top</P>
    <P Name="RequestExecContextInheritance">off</P>
    <P Name="ContentPreviewEnabled">on</P>
    <Mask>
      <Display RunInitForIconRedraw="off"/>
      <MaskParameter Name="drag_linear" Type="edit">
        <Prompt>Linear Drag coeff</Prompt>
        <Value>linear_drag_coef</Value>
      </MaskParameter>
      <MaskParameter Name="drag_quadratic" Type="edit">
        <Prompt>Quadratic Drag coeff</Prompt>
        <Value>quat_drag_coef</Value>
      </MaskParameter>
      <DialogControl Type="Group" Name="DescGroupVar">
        <Prompt>%&lt;MaskType&gt;</Prompt>
        <DialogControl Type="Text" Name="DescTextVar">
          <Prompt>%&lt;MaskDescription&gt;</Prompt>
        </DialogControl>
      </DialogControl>
      <DialogControl Type="Group" Name="ParameterGroupVar">
        <Prompt>Simulink:studio:ToolBarParametersMenu</Prompt>
        <DialogControl Type="Edit" Name="drag_linear">
          <Prompt>Linear Drag coeff</Prompt>
          <ControlOptions PromptLocation="left"/>
        </DialogControl>
        <DialogControl Type="Edit" Name="drag_quadratic">
          <Prompt>Quadratic Drag coeff</Prompt>
          <ControlOptions PromptLocation="left"/>
        </DialogControl>
      </DialogControl>
    </Mask>
    <System Ref="system_566"/>
  </Block>
  <Block BlockType="SubSystem" Name="MATLAB Function" SID="593">
    <P Name="Ports">[2, 1]</P>
    <P Name="Position">[-115, -41, -25, 6]</P>
    <P Name="ZOrder">124</P>
    <P Name="ErrorFcn">Stateflow.Translate.translate</P>
    <P Name="PermitHierarchicalResolution">ExplicitOnly</P>
    <P Name="TreatAsAtomicUnit">on</P>
    <P Name="RequestExecContextInheritance">off</P>
    <P Name="SFBlockType">MATLAB Function</P>
    <P Name="ContentPreviewEnabled">on</P>
    <System Ref="system_593"/>
  </Block>
  <Block BlockType="Outport" Name="Translational_State" SID="606">
    <P Name="Position">[455, -2, 485, 12]</P>
    <P Name="ZOrder">587</P>
  </Block>
  <Block BlockType="Outport" Name="Orientation_State" SID="607">
    <P Name="Position">[520, 318, 550, 332]</P>
    <P Name="ZOrder">588</P>
    <P Name="Port">2</P>
  </Block>
  <Line>
    <P Name="Name">b_wd</P>
    <P Name="ZOrder">40</P>
    <P Name="Labels">[1, 1]</P>
    <P Name="Src">514#out:3</P>
    <P Name="Dst">605#in:3</P>
  </Line>
  <Line>
    <P Name="ZOrder">5</P>
    <P Name="Src">513#out:1</P>
    <P Name="Dst">514#in:1</P>
  </Line>
  <Line>
    <P Name="ZOrder">6</P>
    <P Name="Src">512#out:1</P>
    <P Name="Dst">543#in:1</P>
  </Line>
  <Line>
    <P Name="ZOrder">10</P>
    <P Name="Src">536#out:1</P>
    <P Name="Points">[-91, 0; 0, -140]</P>
    <P Name="Dst">514#in:2</P>
  </Line>
  <Line>
    <P Name="ZOrder">11</P>
    <P Name="Src">566#out:1</P>
    <P Name="Points">[-65, 0; 0, -90]</P>
    <P Name="Dst">544#in:2</P>
  </Line>
  <Line>
    <P Name="ZOrder">15</P>
    <P Name="Src">543#out:1</P>
    <P Name="Dst">593#in:1</P>
  </Line>
  <Line>
    <P Name="ZOrder">16</P>
    <P Name="Src">593#out:1</P>
    <P Name="Dst">544#in:1</P>
  </Line>
  <Line>
    <P Name="Name">b_w</P>
    <P Name="ZOrder">17</P>
    <P Name="Src">514#out:2</P>
    <P Name="Points">[66, 0]</P>
    <Branch>
      <P Name="ZOrder">42</P>
      <P Name="Points">[0, 195]</P>
      <P Name="Dst">536#in:1</P>
    </Branch>
    <Branch>
      <P Name="ZOrder">39</P>
      <P Name="Labels">[1, 1]</P>
      <P Name="Dst">605#in:2</P>
    </Branch>
  </Line>
  <Line>
    <P Name="Name">w_velocity</P>
    <P Name="ZOrder">2</P>
    <P Name="Src">544#out:2</P>
    <P Name="Points">[27, 0]</P>
    <Branch>
      <P Name="ZOrder">33</P>
      <P Name="Labels">[1, 1]</P>
      <P Name="Dst">604#in:2</P>
    </Branch>
    <Branch>
      <P Name="ZOrder">27</P>
      <P Name="Points">[0, 110]</P>
      <P Name="Dst">566#in:1</P>
    </Branch>
  </Line>
  <Line>
    <P Name="Name">q_wb</P>
    <P Name="ZOrder">12</P>
    <P Name="Src">514#out:1</P>
    <P Name="Points">[67, 0]</P>
    <Branch>
      <P Name="ZOrder">37</P>
      <P Name="Labels">[-1, 1]</P>
      <P Name="Dst">605#in:1</P>
    </Branch>
    <Branch>
      <P Name="ZOrder">13</P>
      <P Name="Points">[0, -103; -466, 0; 0, -172]</P>
      <P Name="Dst">593#in:2</P>
    </Branch>
  </Line>
  <Line>
    <P Name="Name">rpy</P>
    <P Name="ZOrder">38</P>
    <P Name="Labels">[1, 0]</P>
    <P Name="Src">514#out:4</P>
    <P Name="Dst">605#in:4</P>
  </Line>
  <Line>
    <P Name="ZOrder">23</P>
    <P Name="Src">604#out:1</P>
    <P Name="Dst">606#in:1</P>
  </Line>
  <Line>
    <P Name="Name">w_acceleration</P>
    <P Name="ZOrder">31</P>
    <P Name="Labels">[1, 1]</P>
    <P Name="Src">544#out:3</P>
    <P Name="Dst">604#in:3</P>
  </Line>
  <Line>
    <P Name="Name">w_position</P>
    <P Name="ZOrder">30</P>
    <P Name="Labels">[1, 1]</P>
    <P Name="Src">544#out:1</P>
    <P Name="Dst">604#in:1</P>
  </Line>
  <Line>
    <P Name="ZOrder">26</P>
    <P Name="Src">605#out:1</P>
    <P Name="Dst">607#in:1</P>
  </Line>
  <Annotation SID="603">
    <P Name="Name">&lt;!DOCTYPE HTML PUBLIC &quot;-//W3C//DTD HTML 4.0//EN&quot; &quot;http://www.w3.org/TR/REC-html40/strict.dtd&quot;&gt;
&lt;html&gt;&lt;head&gt;&lt;meta name=&quot;qrichtext&quot; content=&quot;1&quot; /&gt;&lt;style type=&quot;text/css&quot;&gt;
p, li { white-space: pre-wrap; }
&lt;/style&gt;&lt;/head&gt;&lt;body align=&quot;left&quot; style=&quot; font-family:&apos;.AppleSystemUIFont&apos;; font-size:12px; font-weight:400; font-style:normal;&quot;&gt;
&lt;p align=&quot;left&quot; style=&quot; margin-top:0px; margin-bottom:0px; margin-left:0px; margin-right:0px; -qt-block-indent:0; text-indent:0px;&quot;&gt;&lt;span style=&quot; font-size:12px;&quot;&gt;The integration of the rotative motion is done in body frame. Anyway, the output quaternion is the one that maps local quantities into global.&lt;/span&gt;&lt;/p&gt;&lt;/body&gt;&lt;/html&gt;</P>
    <P Name="Position">[16, 186, 310, 238]</P>
    <P Name="InternalMargins">[0, 0, 0, 0]</P>
    <P Name="FixedHeight">on</P>
    <P Name="FixedWidth">on</P>
    <P Name="Interpreter">rich</P>
    <P Name="ZOrder">-1</P>
  </Annotation>
  <Annotation SID="602">
    <P Name="Name">&lt;!DOCTYPE HTML PUBLIC &quot;-//W3C//DTD HTML 4.0//EN&quot; &quot;http://www.w3.org/TR/REC-html40/strict.dtd&quot;&gt;
&lt;html&gt;&lt;head&gt;&lt;meta name=&quot;qrichtext&quot; content=&quot;1&quot; /&gt;&lt;style type=&quot;text/css&quot;&gt;
p, li { white-space: pre-wrap; }
&lt;/style&gt;&lt;/head&gt;&lt;body align=&quot;left&quot; style=&quot; font-family:&apos;.AppleSystemUIFont&apos;; font-size:12px; font-weight:400; font-style:normal;&quot;&gt;
&lt;p align=&quot;left&quot; style=&quot; margin-top:0px; margin-bottom:0px; margin-left:0px; margin-right:0px; -qt-block-indent:0; text-indent:0px;&quot;&gt;&lt;span style=&quot; font-size:12px;&quot;&gt;The integration of the linear motion is done in Inertial frame&lt;/span&gt;&lt;/p&gt;&lt;/body&gt;&lt;/html&gt;</P>
    <P Name="Position">[50, -103, 276, -61]</P>
    <P Name="InternalMargins">[0, 0, 0, 0]</P>
    <P Name="FixedHeight">on</P>
    <P Name="FixedWidth">on</P>
    <P Name="Interpreter">rich</P>
    <P Name="ZOrder">-2</P>
  </Annotation>
  <Annotation SID="601">
    <P Name="Name">&lt;!DOCTYPE HTML PUBLIC &quot;-//W3C//DTD HTML 4.0//EN&quot; &quot;http://www.w3.org/TR/REC-html40/strict.dtd&quot;&gt;
&lt;html&gt;&lt;head&gt;&lt;meta name=&quot;qrichtext&quot; content=&quot;1&quot; /&gt;&lt;style type=&quot;text/css&quot;&gt;
p, li { white-space: pre-wrap; }
&lt;/style&gt;&lt;/head&gt;&lt;body align=&quot;left&quot; style=&quot; font-family:&apos;Helvetica&apos;; font-size:10px; font-weight:400; font-style:normal;&quot;&gt;
&lt;p align=&quot;left&quot; style=&quot; margin-top:0px; margin-bottom:0px; margin-left:0px; margin-right:0px; -qt-block-indent:0; text-indent:0px;&quot;&gt;&lt;span style=&quot; font-size:12px;&quot;&gt;The thurst is alligned with the Zb axis of the vehicle&lt;/span&gt;&lt;/p&gt;&lt;/body&gt;&lt;/html&gt;</P>
    <P Name="Position">[-286, -101, -138, -62]</P>
    <P Name="InternalMargins">[0, 0, 0, 0]</P>
    <P Name="FixedHeight">on</P>
    <P Name="FixedWidth">on</P>
    <P Name="Interpreter">rich</P>
    <P Name="ZOrder">-3</P>
  </Annotation>
</System>
