<?xml version="1.0" encoding="utf-8"?>
<System>
  <P Name="Location">[960, 20, 2880, 1058]</P>
  <P Name="SystemRect">[0.000000, 0.000000, 0.000000, 0.000000]</P>
  <P Name="SetExecutionDomain">off</P>
  <P Name="ExecutionDomainType">Deduce</P>
  <P Name="ScreenColor">white</P>
  <P Name="ZoomFactor">150</P>
  <P Name="SimulinkSubDomain">Simulink</P>
  <Block BlockType="Inport" Name="X" SID="555">
    <P Name="Position">[-55, -32, -25, -18]</P>
    <P Name="ZOrder">25</P>
  </Block>
  <Block BlockType="Delay" Name="Delay" SID="556">
    <P Name="Ports">[1, 1]</P>
    <P Name="Position">[5, -42, 40, -8]</P>
    <P Name="ZOrder">24</P>
    <P Name="InputPortMap">u0</P>
    <P Name="DelayLength">1</P>
    <P Name="InitialCondition">0</P>
  </Block>
  <Block BlockType="Gain" Name="Gain2" SID="557">
    <P Name="Position">[180, -45, 230, -5]</P>
    <P Name="ZOrder">23</P>
    <P Name="Gain">[1; 1; 0]</P>
  </Block>
  <Block BlockType="Reference" Name="GroundCheck" SID="558">
    <P Name="Ports">[1, 1]</P>
    <P Name="Position">[170, 125, 230, 155]</P>
    <P Name="ZOrder">22</P>
    <P Name="LibraryVersion">1.476</P>
    <P Name="SourceBlock">simulink/Logic and Bit
Operations/Compare
To Constant</P>
    <P Name="SourceType">Compare To Constant</P>
    <P Name="SourceProductBaseCode">SL</P>
    <InstanceData>
      <P Name="RTWMemSecFuncInitTerm">Inherit from model</P>
      <P Name="RTWMemSecFuncExecute">Inherit from model</P>
      <P Name="RTWMemSecDataConstants">Inherit from model</P>
      <P Name="RTWMemSecDataInternal">Inherit from model</P>
      <P Name="RTWMemSecDataParameters">Inherit from model</P>
      <P Name="ContentPreviewEnabled">on</P>
      <P Name="relop">&lt;=</P>
      <P Name="const">-0.0001</P>
      <P Name="OutDataTypeStr">boolean</P>
      <P Name="ZeroCross">on</P>
    </InstanceData>
  </Block>
  <Block BlockType="Selector" Name="Selector" SID="559">
    <P Name="Ports">[1, 1]</P>
    <P Name="Position">[90, 121, 130, 159]</P>
    <P Name="ZOrder">28</P>
    <P Name="InputPortWidth">3</P>
    <P Name="IndexOptions">Index vector (dialog)</P>
    <P Name="Indices">[3]</P>
    <P Name="OutputSizes">1</P>
  </Block>
  <Block BlockType="Outport" Name="Reset" SID="560">
    <P Name="Position">[270, -32, 300, -18]</P>
    <P Name="ZOrder">27</P>
  </Block>
  <Block BlockType="Outport" Name="Condition" SID="561">
    <P Name="Position">[270, 133, 300, 147]</P>
    <P Name="ZOrder">26</P>
    <P Name="Port">2</P>
  </Block>
  <Line>
    <P Name="ZOrder">1</P>
    <P Name="Src">558#out:1</P>
    <P Name="Dst">561#in:1</P>
  </Line>
  <Line>
    <P Name="ZOrder">2</P>
    <P Name="Src">555#out:1</P>
    <P Name="Dst">556#in:1</P>
  </Line>
  <Line>
    <P Name="ZOrder">3</P>
    <P Name="Src">557#out:1</P>
    <P Name="Dst">560#in:1</P>
  </Line>
  <Line>
    <P Name="ZOrder">4</P>
    <P Name="Src">556#out:1</P>
    <P Name="Points">[10, 0]</P>
    <Branch>
      <P Name="ZOrder">5</P>
      <P Name="Points">[0, 165]</P>
      <P Name="Dst">559#in:1</P>
    </Branch>
    <Branch>
      <P Name="ZOrder">6</P>
      <P Name="Dst">557#in:1</P>
    </Branch>
  </Line>
  <Line>
    <P Name="ZOrder">7</P>
    <P Name="Src">559#out:1</P>
    <P Name="Dst">558#in:1</P>
  </Line>
</System>
