<?xml version="1.0" encoding="utf-8"?>
<System>
  <P Name="Location">[640, 20, 1280, 1058]</P>
  <P Name="SystemRect">[0.000000, 0.000000, 0.000000, 0.000000]</P>
  <P Name="SetExecutionDomain">off</P>
  <P Name="ExecutionDomainType">Deduce</P>
  <P Name="ScreenColor">white</P>
  <P Name="ZoomFactor">50</P>
  <P Name="SimulinkSubDomain">Simulink</P>
  <Block BlockType="Inport" Name="Motors" SID="692">
    <P Name="Position">[20, 113, 50, 127]</P>
    <P Name="ZOrder">744</P>
  </Block>
  <Block BlockType="SubSystem" Name="Actuators1" SID="627">
    <P Name="Ports">[4, 2]</P>
    <P Name="Position">[200, 59, 315, 181]</P>
    <P Name="ZOrder">738</P>
    <P Name="RequestExecContextInheritance">off</P>
    <P Name="ContentPreviewEnabled">on</P>
    <System Ref="system_627"/>
  </Block>
  <Block BlockType="Demux" Name="Demux6" SID="685">
    <P Name="Ports">[1, 4]</P>
    <P Name="Position">[95, 58, 100, 182]</P>
    <P Name="ZOrder">739</P>
    <P Name="ShowName">off</P>
  </Block>
  <Block BlockType="Saturate" Name="Saturation" SID="686">
    <P Name="Position">[140, 67, 170, 83]</P>
    <P Name="ZOrder">740</P>
    <P Name="UpperLimit">65535</P>
    <P Name="LowerLimit">0</P>
  </Block>
  <Block BlockType="Saturate" Name="Saturation1" SID="687">
    <P Name="Position">[140, 97, 170, 113]</P>
    <P Name="ZOrder">741</P>
    <P Name="UpperLimit">65535</P>
    <P Name="LowerLimit">0</P>
  </Block>
  <Block BlockType="Saturate" Name="Saturation2" SID="688">
    <P Name="Position">[140, 127, 170, 143]</P>
    <P Name="ZOrder">742</P>
    <P Name="UpperLimit">65535</P>
    <P Name="LowerLimit">0</P>
  </Block>
  <Block BlockType="Saturate" Name="Saturation3" SID="689">
    <P Name="Position">[140, 157, 170, 173]</P>
    <P Name="ZOrder">743</P>
    <P Name="UpperLimit">65535</P>
    <P Name="LowerLimit">0</P>
  </Block>
  <Block BlockType="Outport" Name="Thrusts" SID="693">
    <P Name="Position">[385, 83, 415, 97]</P>
    <P Name="ZOrder">745</P>
  </Block>
  <Block BlockType="Outport" Name="Torques" SID="694">
    <P Name="Position">[385, 143, 415, 157]</P>
    <P Name="ZOrder">746</P>
    <P Name="Port">2</P>
  </Block>
  <Line>
    <P Name="ZOrder">1320</P>
    <P Name="Src">685#out:4</P>
    <P Name="Dst">689#in:1</P>
  </Line>
  <Line>
    <P Name="ZOrder">1325</P>
    <P Name="Src">687#out:1</P>
    <P Name="Dst">627#in:2</P>
  </Line>
  <Line>
    <P Name="ZOrder">1329</P>
    <P Name="Src">686#out:1</P>
    <P Name="Dst">627#in:1</P>
  </Line>
  <Line>
    <P Name="ZOrder">1333</P>
    <P Name="Src">627#out:2</P>
    <P Name="Dst">694#in:1</P>
  </Line>
  <Line>
    <P Name="ZOrder">1328</P>
    <P Name="Src">688#out:1</P>
    <P Name="Dst">627#in:3</P>
  </Line>
  <Line>
    <P Name="ZOrder">1323</P>
    <P Name="Src">685#out:2</P>
    <P Name="Dst">687#in:1</P>
  </Line>
  <Line>
    <P Name="ZOrder">1332</P>
    <P Name="Src">627#out:1</P>
    <P Name="Dst">693#in:1</P>
  </Line>
  <Line>
    <P Name="ZOrder">1331</P>
    <P Name="Src">692#out:1</P>
    <P Name="Dst">685#in:1</P>
  </Line>
  <Line>
    <P Name="ZOrder">1322</P>
    <P Name="Src">685#out:3</P>
    <P Name="Dst">688#in:1</P>
  </Line>
  <Line>
    <P Name="ZOrder">1326</P>
    <P Name="Src">685#out:1</P>
    <P Name="Dst">686#in:1</P>
  </Line>
  <Line>
    <P Name="ZOrder">1330</P>
    <P Name="Src">689#out:1</P>
    <P Name="Dst">627#in:4</P>
  </Line>
  <Annotation SID="690">
    <P Name="Name">&lt;!DOCTYPE HTML PUBLIC &quot;-//W3C//DTD HTML 4.0//EN&quot; &quot;http://www.w3.org/TR/REC-html40/strict.dtd&quot;&gt;
&lt;html&gt;&lt;head&gt;&lt;meta name=&quot;qrichtext&quot; content=&quot;1&quot; /&gt;&lt;style type=&quot;text/css&quot;&gt;
p, li { white-space: pre-wrap; }
&lt;/style&gt;&lt;/head&gt;&lt;body align=&quot;left&quot; style=&quot; font-family:&apos;Helvetica&apos;; font-size:10px; font-weight:400; font-style:normal;&quot;&gt;
&lt;p align=&quot;left&quot; style=&quot; margin-top:0px; margin-bottom:0px; margin-left:0px; margin-right:0px; -qt-block-indent:0; text-indent:0px;&quot;&gt;&lt;span style=&quot; font-size:12px;&quot;&gt;Dynamics of the actuators&lt;/span&gt;&lt;/p&gt;&lt;/body&gt;&lt;/html&gt;</P>
    <P Name="Position">[162, 22, 302, 38]</P>
    <P Name="InternalMargins">[0, 0, 0, 0]</P>
    <P Name="Interpreter">rich</P>
    <P Name="ZOrder">-1</P>
  </Annotation>
</System>
