<?xml version="1.0" encoding="utf-8"?>
<System>
  <P Name="Location">[223, 338, 826, 833]</P>
  <P Name="SystemRect">[0.000000, 0.000000, 0.000000, 0.000000]</P>
  <P Name="SetExecutionDomain">off</P>
  <P Name="ExecutionDomainType">Deduce</P>
  <P Name="ScreenColor">white</P>
  <P Name="SIDHighWatermark">46</P>
  <P Name="SimulinkSubDomain">Simulink</P>
  <Block BlockType="Inport" Name="Ad" SID="382::1">
    <P Name="Position">[20, 101, 40, 119]</P>
    <P Name="ZOrder">-1</P>
  </Block>
  <Block BlockType="Inport" Name="Bd" SID="382::22">
    <P Name="Position">[20, 136, 40, 154]</P>
    <P Name="ZOrder">13</P>
    <P Name="Port">2</P>
  </Block>
  <Block BlockType="Inport" Name="U_des" SID="382::23">
    <P Name="Position">[20, 171, 40, 189]</P>
    <P Name="ZOrder">14</P>
    <P Name="Port">3</P>
  </Block>
  <Block BlockType="Inport" Name="x_curr" SID="382::24">
    <P Name="Position">[20, 206, 40, 224]</P>
    <P Name="ZOrder">15</P>
    <P Name="Port">4</P>
  </Block>
  <Block BlockType="Inport" Name="Acis1" SID="382::25">
    <P Name="Position">[20, 246, 40, 264]</P>
    <P Name="ZOrder">16</P>
    <P Name="Port">5</P>
  </Block>
  <Block BlockType="Inport" Name="bcis1" SID="382::26">
    <P Name="Position">[20, 281, 40, 299]</P>
    <P Name="ZOrder">17</P>
    <P Name="Port">6</P>
  </Block>
  <Block BlockType="Inport" Name="Acis2" SID="382::27">
    <P Name="Position">[20, 316, 40, 334]</P>
    <P Name="ZOrder">18</P>
    <P Name="Port">7</P>
  </Block>
  <Block BlockType="Inport" Name="bcis2" SID="382::28">
    <P Name="Position">[20, 351, 40, 369]</P>
    <P Name="ZOrder">19</P>
    <P Name="Port">8</P>
  </Block>
  <Block BlockType="Inport" Name="Acis3" SID="382::32">
    <P Name="Position">[20, 386, 40, 404]</P>
    <P Name="ZOrder">23</P>
    <P Name="Port">9</P>
  </Block>
  <Block BlockType="Inport" Name="bcis3" SID="382::33">
    <P Name="Position">[20, 426, 40, 444]</P>
    <P Name="ZOrder">24</P>
    <P Name="Port">10</P>
  </Block>
  <Block BlockType="Inport" Name="Acis4" SID="382::34">
    <P Name="Position">[20, 461, 40, 479]</P>
    <P Name="ZOrder">25</P>
    <P Name="Port">11</P>
  </Block>
  <Block BlockType="Inport" Name="bcis4" SID="382::35">
    <P Name="Position">[20, 496, 40, 514]</P>
    <P Name="ZOrder">26</P>
    <P Name="Port">12</P>
  </Block>
  <Block BlockType="Inport" Name="Acis5" SID="382::36">
    <P Name="Position">[20, 531, 40, 549]</P>
    <P Name="ZOrder">27</P>
    <P Name="Port">13</P>
  </Block>
  <Block BlockType="Inport" Name="bcis5" SID="382::37">
    <P Name="Position">[20, 566, 40, 584]</P>
    <P Name="ZOrder">28</P>
    <P Name="Port">14</P>
  </Block>
  <Block BlockType="Inport" Name="Acis6" SID="382::39">
    <P Name="Position">[20, 606, 40, 624]</P>
    <P Name="ZOrder">30</P>
    <P Name="Port">15</P>
  </Block>
  <Block BlockType="Inport" Name="bcis6" SID="382::40">
    <P Name="Position">[20, 641, 40, 659]</P>
    <P Name="ZOrder">31</P>
    <P Name="Port">16</P>
  </Block>
  <Block BlockType="Inport" Name="Acis7" SID="382::41">
    <P Name="Position">[20, 676, 40, 694]</P>
    <P Name="ZOrder">32</P>
    <P Name="Port">17</P>
  </Block>
  <Block BlockType="Inport" Name="bcis7" SID="382::42">
    <P Name="Position">[20, 711, 40, 729]</P>
    <P Name="ZOrder">33</P>
    <P Name="Port">18</P>
  </Block>
  <Block BlockType="Inport" Name="Acis8" SID="382::43">
    <P Name="Position">[20, 746, 40, 764]</P>
    <P Name="ZOrder">34</P>
    <P Name="Port">19</P>
  </Block>
  <Block BlockType="Inport" Name="bcis8" SID="382::44">
    <P Name="Position">[20, 786, 40, 804]</P>
    <P Name="ZOrder">35</P>
    <P Name="Port">20</P>
  </Block>
  <Block BlockType="Inport" Name="Acis9" SID="382::45">
    <P Name="Position">[20, 821, 40, 839]</P>
    <P Name="ZOrder">36</P>
    <P Name="Port">21</P>
  </Block>
  <Block BlockType="Inport" Name="bcis9" SID="382::46">
    <P Name="Position">[20, 856, 40, 874]</P>
    <P Name="ZOrder">37</P>
    <P Name="Port">22</P>
  </Block>
  <Block BlockType="Inport" Name="Gu" SID="382::29">
    <P Name="Position">[20, 891, 40, 909]</P>
    <P Name="ZOrder">20</P>
    <P Name="Port">23</P>
  </Block>
  <Block BlockType="Inport" Name="Fu" SID="382::30">
    <P Name="Position">[20, 926, 40, 944]</P>
    <P Name="ZOrder">21</P>
    <P Name="Port">24</P>
  </Block>
  <Block BlockType="Demux" Name=" Demux " SID="382::20">
    <P Name="Ports">[1, 1]</P>
    <P Name="Position">[270, 245, 320, 285]</P>
    <P Name="ZOrder">11</P>
    <P Name="Outputs">1</P>
  </Block>
  <Block BlockType="S-Function" Name=" SFunction " SID="382::19">
    <P Name="Tag">Stateflow S-Function 1</P>
    <P Name="Ports">[24, 4]</P>
    <P Name="Position">[180, 110, 230, 610]</P>
    <P Name="ZOrder">10</P>
    <P Name="FunctionName">sf_sfun</P>
    <P Name="PortCounts">[24 4]</P>
    <P Name="SFunctionDeploymentMode">off</P>
    <P Name="EnableBusSupport">on</P>
    <P Name="SFcnIsStateOwnerBlock">off</P>
    <Port>
      <P Name="PortNumber">2</P>
      <P Name="Name">u</P>
    </Port>
    <Port>
      <P Name="PortNumber">3</P>
      <P Name="Name">active</P>
    </Port>
    <Port>
      <P Name="PortNumber">4</P>
      <P Name="Name">region</P>
    </Port>
  </Block>
  <Block BlockType="Terminator" Name=" Terminator " SID="382::21">
    <P Name="Position">[460, 256, 480, 274]</P>
    <P Name="ZOrder">12</P>
  </Block>
  <Block BlockType="Outport" Name="u" SID="382::5">
    <P Name="Position">[460, 101, 480, 119]</P>
    <P Name="ZOrder">-5</P>
  </Block>
  <Block BlockType="Outport" Name="active" SID="382::31">
    <P Name="Position">[460, 136, 480, 154]</P>
    <P Name="ZOrder">22</P>
    <P Name="Port">2</P>
  </Block>
  <Block BlockType="Outport" Name="region" SID="382::38">
    <P Name="Position">[460, 171, 480, 189]</P>
    <P Name="ZOrder">29</P>
    <P Name="Port">3</P>
  </Block>
  <Line>
    <P Name="ZOrder">413</P>
    <P Name="Src">382::1#out:1</P>
    <P Name="Dst">382::19#in:1</P>
  </Line>
  <Line>
    <P Name="ZOrder">414</P>
    <P Name="Src">382::22#out:1</P>
    <P Name="Dst">382::19#in:2</P>
  </Line>
  <Line>
    <P Name="ZOrder">415</P>
    <P Name="Src">382::23#out:1</P>
    <P Name="Dst">382::19#in:3</P>
  </Line>
  <Line>
    <P Name="ZOrder">416</P>
    <P Name="Src">382::24#out:1</P>
    <P Name="Dst">382::19#in:4</P>
  </Line>
  <Line>
    <P Name="ZOrder">417</P>
    <P Name="Src">382::25#out:1</P>
    <P Name="Dst">382::19#in:5</P>
  </Line>
  <Line>
    <P Name="ZOrder">418</P>
    <P Name="Src">382::26#out:1</P>
    <P Name="Dst">382::19#in:6</P>
  </Line>
  <Line>
    <P Name="ZOrder">419</P>
    <P Name="Src">382::27#out:1</P>
    <P Name="Dst">382::19#in:7</P>
  </Line>
  <Line>
    <P Name="ZOrder">420</P>
    <P Name="Src">382::28#out:1</P>
    <P Name="Dst">382::19#in:8</P>
  </Line>
  <Line>
    <P Name="ZOrder">421</P>
    <P Name="Src">382::32#out:1</P>
    <P Name="Dst">382::19#in:9</P>
  </Line>
  <Line>
    <P Name="ZOrder">422</P>
    <P Name="Src">382::33#out:1</P>
    <P Name="Dst">382::19#in:10</P>
  </Line>
  <Line>
    <P Name="ZOrder">423</P>
    <P Name="Src">382::34#out:1</P>
    <P Name="Dst">382::19#in:11</P>
  </Line>
  <Line>
    <P Name="ZOrder">424</P>
    <P Name="Src">382::35#out:1</P>
    <P Name="Dst">382::19#in:12</P>
  </Line>
  <Line>
    <P Name="ZOrder">425</P>
    <P Name="Src">382::36#out:1</P>
    <P Name="Dst">382::19#in:13</P>
  </Line>
  <Line>
    <P Name="ZOrder">426</P>
    <P Name="Src">382::37#out:1</P>
    <P Name="Dst">382::19#in:14</P>
  </Line>
  <Line>
    <P Name="ZOrder">427</P>
    <P Name="Src">382::39#out:1</P>
    <P Name="Dst">382::19#in:15</P>
  </Line>
  <Line>
    <P Name="ZOrder">428</P>
    <P Name="Src">382::40#out:1</P>
    <P Name="Dst">382::19#in:16</P>
  </Line>
  <Line>
    <P Name="ZOrder">429</P>
    <P Name="Src">382::41#out:1</P>
    <P Name="Dst">382::19#in:17</P>
  </Line>
  <Line>
    <P Name="ZOrder">430</P>
    <P Name="Src">382::42#out:1</P>
    <P Name="Dst">382::19#in:18</P>
  </Line>
  <Line>
    <P Name="ZOrder">431</P>
    <P Name="Src">382::43#out:1</P>
    <P Name="Dst">382::19#in:19</P>
  </Line>
  <Line>
    <P Name="ZOrder">432</P>
    <P Name="Src">382::44#out:1</P>
    <P Name="Dst">382::19#in:20</P>
  </Line>
  <Line>
    <P Name="ZOrder">433</P>
    <P Name="Src">382::45#out:1</P>
    <P Name="Dst">382::19#in:21</P>
  </Line>
  <Line>
    <P Name="ZOrder">434</P>
    <P Name="Src">382::46#out:1</P>
    <P Name="Dst">382::19#in:22</P>
  </Line>
  <Line>
    <P Name="ZOrder">435</P>
    <P Name="Src">382::29#out:1</P>
    <P Name="Dst">382::19#in:23</P>
  </Line>
  <Line>
    <P Name="ZOrder">436</P>
    <P Name="Src">382::30#out:1</P>
    <P Name="Dst">382::19#in:24</P>
  </Line>
  <Line>
    <P Name="Name">u</P>
    <P Name="ZOrder">437</P>
    <P Name="Labels">[0, 0]</P>
    <P Name="Src">382::19#out:2</P>
    <P Name="Dst">382::5#in:1</P>
  </Line>
  <Line>
    <P Name="Name">active</P>
    <P Name="ZOrder">438</P>
    <P Name="Labels">[0, 0]</P>
    <P Name="Src">382::19#out:3</P>
    <P Name="Dst">382::31#in:1</P>
  </Line>
  <Line>
    <P Name="Name">region</P>
    <P Name="ZOrder">439</P>
    <P Name="Labels">[0, 0]</P>
    <P Name="Src">382::19#out:4</P>
    <P Name="Dst">382::38#in:1</P>
  </Line>
  <Line>
    <P Name="ZOrder">440</P>
    <P Name="Src">382::20#out:1</P>
    <P Name="Dst">382::21#in:1</P>
  </Line>
  <Line>
    <P Name="ZOrder">441</P>
    <P Name="Src">382::19#out:1</P>
    <P Name="Dst">382::20#in:1</P>
  </Line>
</System>
