<?xml version="1.0" encoding="utf-8"?>
<System>
  <P Name="Location">[62, 32, 1624, 964]</P>
  <P Name="SystemRect">[0.000000, 0.000000, 0.000000, 0.000000]</P>
  <P Name="SetExecutionDomain">off</P>
  <P Name="ExecutionDomainType">Deduce</P>
  <P Name="ScreenColor">white</P>
  <P Name="ZoomFactor">166</P>
  <P Name="SimulinkSubDomain">Simulink</P>
  <Block BlockType="Inport" Name="Velocity" SID="567">
    <P Name="Position">[-70, -52, -40, -38]</P>
    <P Name="ZOrder">33</P>
  </Block>
  <Block BlockType="Sum" Name="Add" SID="568">
    <P Name="Ports">[2, 1]</P>
    <P Name="Position">[400, -53, 430, -22]</P>
    <P Name="ZOrder">42</P>
    <P Name="IconShape">rectangular</P>
  </Block>
  <Block BlockType="Gain" Name="Gain" SID="569">
    <P Name="Position">[300, -60, 330, -30]</P>
    <P Name="ZOrder">45</P>
    <P Name="Gain">-1</P>
  </Block>
  <Block BlockType="Gain" Name="Gain1" SID="570">
    <P Name="Position">[300, 20, 330, 50]</P>
    <P Name="ZOrder">46</P>
    <P Name="Gain">-1</P>
  </Block>
  <Block BlockType="Gain" Name="K linear" SID="571">
    <P Name="Position">[125, -71, 210, -19]</P>
    <P Name="ZOrder">32</P>
    <P Name="Gain">drag_linear</P>
  </Block>
  <Block BlockType="Gain" Name="K quadratic" SID="572">
    <P Name="Position">[165, 7, 250, 63]</P>
    <P Name="ZOrder">41</P>
    <P Name="Gain">drag_quadratic</P>
  </Block>
  <Block BlockType="SubSystem" Name="Subsystem" SID="573">
    <P Name="Ports">[1, 1]</P>
    <P Name="Position">[50, 16, 115, 54]</P>
    <P Name="ZOrder">44</P>
    <P Name="RequestExecContextInheritance">off</P>
    <P Name="ContentPreviewEnabled">on</P>
    <System Ref="system_573"/>
  </Block>
  <Block BlockType="Outport" Name="Drag" SID="591">
    <P Name="Position">[490, -42, 520, -28]</P>
    <P Name="ZOrder">34</P>
  </Block>
  <Line>
    <P Name="ZOrder">1</P>
    <P Name="Src">567#out:1</P>
    <P Name="Points">[56, 0]</P>
    <Branch>
      <P Name="ZOrder">2</P>
      <P Name="Points">[0, 80]</P>
      <P Name="Dst">573#in:1</P>
    </Branch>
    <Branch>
      <P Name="ZOrder">3</P>
      <P Name="Dst">571#in:1</P>
    </Branch>
  </Line>
  <Line>
    <P Name="ZOrder">4</P>
    <P Name="Src">571#out:1</P>
    <P Name="Dst">569#in:1</P>
  </Line>
  <Line>
    <P Name="ZOrder">5</P>
    <P Name="Src">572#out:1</P>
    <P Name="Dst">570#in:1</P>
  </Line>
  <Line>
    <P Name="ZOrder">6</P>
    <P Name="Src">568#out:1</P>
    <P Name="Dst">591#in:1</P>
  </Line>
  <Line>
    <P Name="ZOrder">7</P>
    <P Name="Src">573#out:1</P>
    <P Name="Dst">572#in:1</P>
  </Line>
  <Line>
    <P Name="ZOrder">8</P>
    <P Name="Src">569#out:1</P>
    <P Name="Dst">568#in:1</P>
  </Line>
  <Line>
    <P Name="ZOrder">9</P>
    <P Name="Src">570#out:1</P>
    <P Name="Points">[20, 0; 0, -65]</P>
    <P Name="Dst">568#in:2</P>
  </Line>
  <Annotation SID="592">
    <P Name="Name">&lt;!DOCTYPE HTML PUBLIC &quot;-//W3C//DTD HTML 4.0//EN&quot; &quot;http://www.w3.org/TR/REC-html40/strict.dtd&quot;&gt;
&lt;html&gt;&lt;head&gt;&lt;meta name=&quot;qrichtext&quot; content=&quot;1&quot; /&gt;&lt;style type=&quot;text/css&quot;&gt;
p, li { white-space: pre-wrap; }
&lt;/style&gt;&lt;/head&gt;&lt;body align=&quot;left&quot; style=&quot; font-family:&apos;.AppleSystemUIFont&apos;; font-size:12px; font-weight:400; font-style:normal;&quot;&gt;
&lt;p align=&quot;left&quot; style=&quot; margin-top:0px; margin-bottom:0px; margin-left:0px; margin-right:0px; -qt-block-indent:0; text-indent:0px;&quot;&gt;Now the quadratic drag is computed as &lt;/p&gt;
&lt;p align=&quot;left&quot; style=&quot; margin-top:0px; margin-bottom:0px; margin-left:0px; margin-right:0px; -qt-block-indent:0; text-indent:0px;&quot;&gt;drag2 = n * norm(v) ^ 2,&lt;/p&gt;
&lt;p align=&quot;left&quot; style=&quot; margin-top:0px; margin-bottom:0px; margin-left:0px; margin-right:0px; -qt-block-indent:0; text-indent:0px;&quot;&gt;where n is the versor of the speed and norm(v) is the module.&lt;/p&gt;&lt;/body&gt;&lt;/html&gt;</P>
    <P Name="Position">[49, 97, 399, 144]</P>
    <P Name="InternalMargins">[0, 0, 0, 0]</P>
    <P Name="Interpreter">rich</P>
    <P Name="ZOrder">-1</P>
  </Annotation>
</System>
