<?xml version="1.0" encoding="utf-8"?>
<System>
  <P Name="Location">[223, 338, 826, 833]</P>
  <P Name="SystemRect">[0.000000, 0.000000, 0.000000, 0.000000]</P>
  <P Name="SetExecutionDomain">off</P>
  <P Name="ExecutionDomainType">Deduce</P>
  <P Name="ScreenColor">white</P>
  <P Name="SIDHighWatermark">25</P>
  <P Name="SimulinkSubDomain">Simulink</P>
  <Block BlockType="Inport" Name="u_b" SID="593::22">
    <P Name="Position">[20, 101, 40, 119]</P>
    <P Name="ZOrder">13</P>
  </Block>
  <Block BlockType="Inport" Name="q_wb" SID="593::1">
    <P Name="Position">[20, 136, 40, 154]</P>
    <P Name="ZOrder">-1</P>
    <P Name="Port">2</P>
  </Block>
  <Block BlockType="Demux" Name=" Demux " SID="593::24">
    <P Name="Ports">[1, 1]</P>
    <P Name="Position">[270, 230, 320, 270]</P>
    <P Name="ZOrder">15</P>
    <P Name="Outputs">1</P>
  </Block>
  <Block BlockType="S-Function" Name=" SFunction " SID="593::23">
    <P Name="Tag">Stateflow S-Function 10</P>
    <P Name="Ports">[2, 2]</P>
    <P Name="Position">[180, 100, 230, 160]</P>
    <P Name="ZOrder">14</P>
    <P Name="FunctionName">sf_sfun</P>
    <P Name="PortCounts">[2 2]</P>
    <P Name="SFunctionDeploymentMode">off</P>
    <P Name="EnableBusSupport">on</P>
    <P Name="SFcnIsStateOwnerBlock">off</P>
    <Port>
      <P Name="PortNumber">2</P>
      <P Name="Name">u_w</P>
    </Port>
  </Block>
  <Block BlockType="Terminator" Name=" Terminator " SID="593::25">
    <P Name="Position">[460, 241, 480, 259]</P>
    <P Name="ZOrder">16</P>
  </Block>
  <Block BlockType="Outport" Name="u_w" SID="593::5">
    <P Name="Position">[460, 101, 480, 119]</P>
    <P Name="ZOrder">-5</P>
  </Block>
  <Line>
    <P Name="ZOrder">1</P>
    <P Name="Src">593::22#out:1</P>
    <P Name="Points">[120, 0]</P>
    <P Name="Dst">593::23#in:1</P>
  </Line>
  <Line>
    <P Name="ZOrder">2</P>
    <P Name="Src">593::1#out:1</P>
    <P Name="Dst">593::23#in:2</P>
  </Line>
  <Line>
    <P Name="Name">u_w</P>
    <P Name="ZOrder">3</P>
    <P Name="Labels">[0, 0]</P>
    <P Name="Src">593::23#out:2</P>
    <P Name="Dst">593::5#in:1</P>
  </Line>
  <Line>
    <P Name="ZOrder">4</P>
    <P Name="Src">593::24#out:1</P>
    <P Name="Dst">593::25#in:1</P>
  </Line>
  <Line>
    <P Name="ZOrder">5</P>
    <P Name="Src">593::23#out:1</P>
    <P Name="Dst">593::24#in:1</P>
  </Line>
</System>
