<?xml version="1.0" encoding="utf-8"?>
<System>
  <P Name="Location">[640, 20, 1280, 1058]</P>
  <P Name="SystemRect">[0.000000, 0.000000, 0.000000, 0.000000]</P>
  <P Name="SetExecutionDomain">off</P>
  <P Name="ExecutionDomainType">Deduce</P>
  <P Name="ScreenColor">white</P>
  <P Name="ZoomFactor">150</P>
  <P Name="SimulinkSubDomain">Simulink</P>
  <Block BlockType="Inport" Name="Thrust" SID="696">
    <P Name="Position">[15, 53, 45, 67]</P>
    <P Name="ZOrder">351</P>
  </Block>
  <Block BlockType="Inport" Name="RPY" SID="701">
    <P Name="Position">[15, 133, 45, 147]</P>
    <P Name="ZOrder">353</P>
    <P Name="Port">2</P>
  </Block>
  <Block BlockType="SubSystem" Name="MATLAB Function1" SID="697">
    <P Name="Ports">[2, 1]</P>
    <P Name="Position">[115, 22, 260, 178]</P>
    <P Name="ZOrder">104</P>
    <P Name="ErrorFcn">Stateflow.Translate.translate</P>
    <P Name="PermitHierarchicalResolution">ExplicitOnly</P>
    <P Name="TreatAsAtomicUnit">on</P>
    <P Name="RequestExecContextInheritance">off</P>
    <P Name="SFBlockType">MATLAB Function</P>
    <P Name="ContentPreviewEnabled">on</P>
    <System Ref="system_697"/>
  </Block>
  <Block BlockType="Saturate" Name="Saturation" SID="698">
    <P Name="Position">[305, 92, 350, 108]</P>
    <P Name="ZOrder">350</P>
    <P Name="UpperLimit">65535</P>
    <P Name="LowerLimit">0</P>
  </Block>
  <Block BlockType="Outport" Name="act_cmd" SID="699">
    <P Name="Position">[400, 93, 430, 107]</P>
    <P Name="ZOrder">352</P>
  </Block>
  <Line>
    <P Name="ZOrder">1</P>
    <P Name="Src">696#out:1</P>
    <P Name="Dst">697#in:1</P>
  </Line>
  <Line>
    <P Name="ZOrder">2</P>
    <P Name="Src">698#out:1</P>
    <P Name="Dst">699#in:1</P>
  </Line>
  <Line>
    <P Name="ZOrder">3</P>
    <P Name="Src">697#out:1</P>
    <P Name="Dst">698#in:1</P>
  </Line>
  <Line>
    <P Name="ZOrder">4</P>
    <P Name="Src">701#out:1</P>
    <P Name="Dst">697#in:2</P>
  </Line>
  <Annotation SID="700">
    <P Name="Name">&lt;!DOCTYPE HTML PUBLIC &quot;-//W3C//DTD HTML 4.0//EN&quot; &quot;http://www.w3.org/TR/REC-html40/strict.dtd&quot;&gt;
&lt;html&gt;&lt;head&gt;&lt;meta name=&quot;qrichtext&quot; content=&quot;1&quot; /&gt;&lt;style type=&quot;text/css&quot;&gt;
p, li { white-space: pre-wrap; }
&lt;/style&gt;&lt;/head&gt;&lt;body align=&quot;left&quot; style=&quot; font-family:&apos;Helvetica&apos;; font-size:10px; font-weight:400; font-style:normal;&quot;&gt;
&lt;p align=&quot;left&quot; style=&quot; margin-top:0px; margin-bottom:0px; margin-left:0px; margin-right:0px; -qt-block-indent:0; text-indent:0px;&quot;&gt;&lt;span style=&quot; font-size:16px;&quot;&gt;    thrust = clamp(ctrl_cmd(1), 0, 65535);&lt;/span&gt;&lt;/p&gt;
&lt;p align=&quot;left&quot; style=&quot; margin-top:0px; margin-bottom:0px; margin-left:0px; margin-right:0px; -qt-block-indent:0; text-indent:0px;&quot;&gt;&lt;span style=&quot; font-size:16px;&quot;&gt;    rpy = clamp(ctrl_cmd(2:4), -32000, 32000);&lt;/span&gt;&lt;/p&gt;
&lt;p align=&quot;left&quot; style=&quot; margin-top:0px; margin-bottom:0px; margin-left:0px; margin-right:0px; -qt-block-indent:0; text-indent:0px;&quot;&gt;&lt;span style=&quot; font-size:16px;&quot;&gt;   &lt;/span&gt;&lt;/p&gt;
&lt;p align=&quot;left&quot; style=&quot; margin-top:0px; margin-bottom:0px; margin-left:0px; margin-right:0px; -qt-block-indent:0; text-indent:0px;&quot;&gt;&lt;span style=&quot; font-size:16px;&quot;&gt;    roll = rpy(1);&lt;/span&gt;&lt;/p&gt;
&lt;p align=&quot;left&quot; style=&quot; margin-top:0px; margin-bottom:0px; margin-left:0px; margin-right:0px; -qt-block-indent:0; text-indent:0px;&quot;&gt;&lt;span style=&quot; font-size:16px;&quot;&gt;    pitch = rpy(2);&lt;/span&gt;&lt;/p&gt;
&lt;p align=&quot;left&quot; style=&quot; margin-top:0px; margin-bottom:0px; margin-left:0px; margin-right:0px; -qt-block-indent:0; text-indent:0px;&quot;&gt;&lt;span style=&quot; font-size:16px;&quot;&gt;    yaw = rpy(3);&lt;/span&gt;&lt;/p&gt;
&lt;p align=&quot;left&quot; style=&quot; margin-top:0px; margin-bottom:0px; margin-left:0px; margin-right:0px; -qt-block-indent:0; text-indent:0px;&quot;&gt;&lt;span style=&quot; font-size:16px;&quot;&gt;    &lt;/span&gt;&lt;/p&gt;
&lt;p align=&quot;left&quot; style=&quot; margin-top:0px; margin-bottom:0px; margin-left:0px; margin-right:0px; -qt-block-indent:0; text-indent:0px;&quot;&gt;&lt;span style=&quot; font-size:16px;&quot;&gt;    r = roll / 2.0; &lt;/span&gt;&lt;/p&gt;
&lt;p align=&quot;left&quot; style=&quot; margin-top:0px; margin-bottom:0px; margin-left:0px; margin-right:0px; -qt-block-indent:0; text-indent:0px;&quot;&gt;&lt;span style=&quot; font-size:16px;&quot;&gt;    p = pitch / 2.0;&lt;/span&gt;&lt;/p&gt;
&lt;p align=&quot;left&quot; style=&quot; margin-top:0px; margin-bottom:0px; margin-left:0px; margin-right:0px; -qt-block-indent:0; text-indent:0px;&quot;&gt;&lt;span style=&quot; font-size:16px;&quot;&gt;    &lt;/span&gt;&lt;/p&gt;
&lt;p align=&quot;left&quot; style=&quot; margin-top:0px; margin-bottom:0px; margin-left:0px; margin-right:0px; -qt-block-indent:0; text-indent:0px;&quot;&gt;&lt;span style=&quot; font-size:16px;&quot;&gt;    m1 = clamp(thrust - r - p + yaw, 0, 65535);&lt;/span&gt;&lt;/p&gt;
&lt;p align=&quot;left&quot; style=&quot; margin-top:0px; margin-bottom:0px; margin-left:0px; margin-right:0px; -qt-block-indent:0; text-indent:0px;&quot;&gt;&lt;span style=&quot; font-size:16px;&quot;&gt;    m2 = clamp(thrust - r + p - yaw, 0, 65535);&lt;/span&gt;&lt;/p&gt;
&lt;p align=&quot;left&quot; style=&quot; margin-top:0px; margin-bottom:0px; margin-left:0px; margin-right:0px; -qt-block-indent:0; text-indent:0px;&quot;&gt;&lt;span style=&quot; font-size:16px;&quot;&gt;    m3 = clamp(thrust + r + p + yaw, 0, 65535);&lt;/span&gt;&lt;/p&gt;
&lt;p align=&quot;left&quot; style=&quot; margin-top:0px; margin-bottom:0px; margin-left:0px; margin-right:0px; -qt-block-indent:0; text-indent:0px;&quot;&gt;&lt;span style=&quot; font-size:16px;&quot;&gt;    m4 = clamp(thrust + r - p - yaw, 0, 65535);&lt;/span&gt;&lt;span style=&quot; font-size:10px;&quot;&gt; &lt;/span&gt;&lt;/p&gt;&lt;/body&gt;&lt;/html&gt;</P>
    <P Name="Position">[37, 223, 362, 491]</P>
    <P Name="InternalMargins">[0, 0, 0, 0]</P>
    <P Name="Interpreter">rich</P>
    <P Name="ZOrder">-1</P>
  </Annotation>
</System>
