<?xml version="1.0" encoding="utf-8"?>
<System>
  <P Name="Location">[1094, 211, 2408, 1127]</P>
  <P Name="SystemRect">[0.000000, 0.000000, 0.000000, 0.000000]</P>
  <P Name="SetExecutionDomain">off</P>
  <P Name="ExecutionDomainType">Deduce</P>
  <P Name="ScreenColor">white</P>
  <P Name="ZoomFactor">175</P>
  <P Name="SimulinkSubDomain">Simulink</P>
  <Block BlockType="Inport" Name="v" SID="61">
    <P Name="Position">[20, 33, 50, 47]</P>
    <P Name="ZOrder">44</P>
  </Block>
  <Block BlockType="Reference" Name="Compare&#xA;To Zero" SID="62">
    <P Name="Ports">[1, 1]</P>
    <P Name="Position">[185, 40, 225, 60]</P>
    <P Name="ZOrder">41</P>
    <P Name="LibraryVersion">1.476</P>
    <P Name="SourceBlock">simulink/Logic and Bit
Operations/Compare
To Zero</P>
    <P Name="SourceType">Compare To Zero</P>
    <P Name="SourceProductBaseCode">SL</P>
    <InstanceData>
      <P Name="RTWMemSecFuncInitTerm">Inherit from model</P>
      <P Name="RTWMemSecFuncExecute">Inherit from model</P>
      <P Name="RTWMemSecDataConstants">Inherit from model</P>
      <P Name="RTWMemSecDataInternal">Inherit from model</P>
      <P Name="RTWMemSecDataParameters">Inherit from model</P>
      <P Name="ContentPreviewEnabled">on</P>
      <P Name="relop">&gt;</P>
      <P Name="OutDataTypeStr">boolean</P>
      <P Name="ZeroCross">on</P>
    </InstanceData>
  </Block>
  <Block BlockType="Constant" Name="Constant" SID="63">
    <P Name="Position">[190, 75, 220, 105]</P>
    <P Name="ZOrder">43</P>
  </Block>
  <Block BlockType="DotProduct" Name="Dot Product" SID="64">
    <P Name="Position">[120, 17, 150, 48]</P>
    <P Name="ZOrder">35</P>
    <P Name="OutDataTypeStr">Inherit: Inherit via internal rule</P>
  </Block>
  <Block BlockType="Sqrt" Name="Reciprocal&#xA;Sqrt" SID="65">
    <P Name="Position">[315, 35, 345, 65]</P>
    <P Name="ZOrder">36</P>
    <P Name="Operator">rSqrt</P>
  </Block>
  <Block BlockType="Switch" Name="Switch" SID="66">
    <P Name="Position">[245, 30, 295, 70]</P>
    <P Name="ZOrder">42</P>
    <P Name="Criteria">u2 &gt; Threshold</P>
    <P Name="InputSameDT">off</P>
    <P Name="SaturateOnIntegerOverflow">off</P>
  </Block>
  <Block BlockType="Outport" Name="1/norm(v)" SID="67">
    <P Name="Position">[440, 43, 470, 57]</P>
    <P Name="ZOrder">45</P>
  </Block>
  <Line>
    <P Name="ZOrder">1</P>
    <P Name="Src">65#out:1</P>
    <P Name="Dst">67#in:1</P>
  </Line>
  <Line>
    <P Name="ZOrder">2</P>
    <P Name="Src">63#out:1</P>
    <P Name="Points">[5, 0]</P>
    <P Name="Dst">66#in:3</P>
  </Line>
  <Line>
    <P Name="ZOrder">3</P>
    <P Name="Src">61#out:1</P>
    <P Name="Points">[45, 0]</P>
    <Branch>
      <P Name="ZOrder">4</P>
      <P Name="Points">[0, -15]</P>
      <P Name="Dst">64#in:1</P>
    </Branch>
    <Branch>
      <P Name="ZOrder">5</P>
      <P Name="Dst">64#in:2</P>
    </Branch>
  </Line>
  <Line>
    <P Name="ZOrder">6</P>
    <P Name="Src">62#out:1</P>
    <P Name="Dst">66#in:2</P>
  </Line>
  <Line>
    <P Name="ZOrder">7</P>
    <P Name="Src">66#out:1</P>
    <P Name="Dst">65#in:1</P>
  </Line>
  <Line>
    <P Name="ZOrder">8</P>
    <P Name="Src">64#out:1</P>
    <P Name="Points">[14, 0]</P>
    <Branch>
      <P Name="ZOrder">9</P>
      <P Name="Dst">66#in:1</P>
    </Branch>
    <Branch>
      <P Name="ZOrder">10</P>
      <P Name="Points">[0, 15]</P>
      <P Name="Dst">62#in:1</P>
    </Branch>
  </Line>
</System>
