<?xml version="1.0" encoding="utf-8"?>
<System>
  <P Name="Location">[1245, 203, 2559, 1119]</P>
  <P Name="SystemRect">[0.000000, 0.000000, 0.000000, 0.000000]</P>
  <P Name="SetExecutionDomain">off</P>
  <P Name="ExecutionDomainType">Deduce</P>
  <P Name="ScreenColor">white</P>
  <P Name="ZoomFactor">175</P>
  <P Name="SimulinkSubDomain">Simulink</P>
  <Block BlockType="Inport" Name="v" SID="59">
    <P Name="Position">[-235, 43, -205, 57]</P>
    <P Name="ZOrder">38</P>
  </Block>
  <Block BlockType="SubSystem" Name="Normalize" SID="60">
    <P Name="Ports">[1, 1]</P>
    <P Name="Position">[-40, -38, 70, 8]</P>
    <P Name="ZOrder">44</P>
    <P Name="RequestExecContextInheritance">off</P>
    <P Name="ContentPreviewEnabled">on</P>
    <System Ref="system_60"/>
  </Block>
  <Block BlockType="Product" Name="Product" SID="68">
    <P Name="Ports">[2, 1]</P>
    <P Name="Position">[210, 27, 240, 58]</P>
    <P Name="ZOrder">37</P>
  </Block>
  <Block BlockType="Outport" Name="n" SID="69">
    <P Name="Position">[325, 38, 355, 52]</P>
    <P Name="ZOrder">39</P>
  </Block>
  <Line>
    <P Name="ZOrder">1</P>
    <P Name="Src">68#out:1</P>
    <P Name="Dst">69#in:1</P>
  </Line>
  <Line>
    <P Name="ZOrder">2</P>
    <P Name="Src">59#out:1</P>
    <P Name="Points">[40, 0]</P>
    <Branch>
      <P Name="ZOrder">3</P>
      <P Name="Points">[0, -65]</P>
      <P Name="Dst">60#in:1</P>
    </Branch>
    <Branch>
      <P Name="ZOrder">4</P>
      <P Name="Dst">68#in:2</P>
    </Branch>
  </Line>
  <Line>
    <P Name="ZOrder">5</P>
    <P Name="Src">60#out:1</P>
    <P Name="Points">[102, 0; 0, 50]</P>
    <P Name="Dst">68#in:1</P>
  </Line>
</System>
