<?xml version="1.0" encoding="utf-8"?>
<System>
  <P Name="Location">[960, 20, 2880, 1058]</P>
  <P Name="SystemRect">[0.000000, 0.000000, 0.000000, 0.000000]</P>
  <P Name="SetExecutionDomain">off</P>
  <P Name="ExecutionDomainType">Deduce</P>
  <P Name="ScreenColor">white</P>
  <P Name="ZoomFactor">94</P>
  <P Name="SimulinkSubDomain">Simulink</P>
  <Block BlockType="Inport" Name="q_bw" SID="332">
    <P Name="Position">[220, 188, 250, 202]</P>
    <P Name="ZOrder">556</P>
  </Block>
  <Block BlockType="Inport" Name="jerk_w" SID="333">
    <P Name="Position">[220, 233, 250, 247]</P>
    <P Name="ZOrder">557</P>
    <P Name="Port">2</P>
  </Block>
  <Block BlockType="BusCreator" Name="Bus&#xA;Creator3" SID="94">
    <P Name="Ports">[3, 1]</P>
    <P Name="Position">[855, 177, 860, 303]</P>
    <P Name="ZOrder">555</P>
    <P Name="ShowName">off</P>
    <P Name="Inputs">3</P>
    <P Name="DisplayOption">bar</P>
    <P Name="InheritFromInputs">on</P>
  </Block>
  <Block BlockType="Constant" Name="Constant" SID="98">
    <P Name="Position">[720, 272, 760, 288]</P>
    <P Name="ZOrder">532</P>
    <P Name="Value">0</P>
    <Port>
      <P Name="PortNumber">1</P>
      <P Name="Name">yaw_rate</P>
    </Port>
  </Block>
  <Block BlockType="Demux" Name="Demux" SID="99">
    <P Name="Ports">[1, 3]</P>
    <P Name="Position">[375, 168, 380, 292]</P>
    <P Name="ZOrder">526</P>
    <P Name="Outputs">3</P>
  </Block>
  <Block BlockType="Product" Name="Divide" SID="499">
    <P Name="Ports">[2, 1]</P>
    <P Name="Position">[730, 182, 760, 213]</P>
    <P Name="ZOrder">562</P>
    <P Name="Inputs">*/</P>
    <Port>
      <P Name="PortNumber">1</P>
      <P Name="Name">roll_rate</P>
    </Port>
  </Block>
  <Block BlockType="Product" Name="Divide1" SID="500">
    <P Name="Ports">[2, 1]</P>
    <P Name="Position">[730, 222, 760, 253]</P>
    <P Name="ZOrder">563</P>
    <P Name="Inputs">*/</P>
    <Port>
      <P Name="PortNumber">1</P>
      <P Name="Name">pitch_rate</P>
    </Port>
  </Block>
  <Block BlockType="Gain" Name="Gain1" SID="501">
    <P Name="Position">[595, 247, 655, 293]</P>
    <P Name="ZOrder">564</P>
    <P Name="Gain">1/Mass</P>
  </Block>
  <Block BlockType="Gain" Name="Gain2" SID="502">
    <P Name="Position">[410, 247, 470, 293]</P>
    <P Name="ZOrder">565</P>
    <P Name="Gain">Mass</P>
  </Block>
  <Block BlockType="Gain" Name="Gain4" SID="103">
    <P Name="Position">[405, 215, 435, 245]</P>
    <P Name="ZOrder">561</P>
    <P Name="Gain">-1</P>
  </Block>
  <Block BlockType="Integrator" Name="Integrator" SID="104">
    <P Name="Ports">[1, 1]</P>
    <P Name="Position">[500, 254, 530, 286]</P>
    <P Name="ZOrder">525</P>
    <P Name="InitialCondition">Mass * G_acc</P>
    <P Name="LimitOutput">on</P>
    <P Name="UpperSaturationLimit">mdl_cnstr.Tmax</P>
    <P Name="LowerSaturationLimit">mdl_cnstr.Tmin</P>
  </Block>
  <Block BlockType="Reference" Name="Quaternion&#xA;Rotation" SID="108">
    <P Name="Ports">[2, 1]</P>
    <P Name="Position">[300, 204, 350, 251]</P>
    <P Name="ZOrder">521</P>
    <P Name="LibraryVersion">1.116</P>
    <P Name="SourceBlock">aerolibutil/Quaternion
Rotation</P>
    <P Name="SourceType">Quaternion Rotation</P>
    <P Name="SourceProductBaseCode">AE</P>
    <InstanceData>
      <P Name="RTWMemSecFuncInitTerm">Inherit from model</P>
      <P Name="RTWMemSecFuncExecute">Inherit from model</P>
      <P Name="RTWMemSecDataConstants">Inherit from model</P>
      <P Name="RTWMemSecDataInternal">Inherit from model</P>
      <P Name="RTWMemSecDataParameters">Inherit from model</P>
      <P Name="ContentPreviewEnabled">on</P>
    </InstanceData>
  </Block>
  <Block BlockType="Outport" Name="Omega" SID="334">
    <P Name="Position">[910, 233, 940, 247]</P>
    <P Name="ZOrder">558</P>
  </Block>
  <Block BlockType="Outport" Name="Thrust" SID="335">
    <P Name="Position">[915, 383, 945, 397]</P>
    <P Name="ZOrder">559</P>
    <P Name="Port">2</P>
  </Block>
  <Line>
    <P Name="ZOrder">1</P>
    <P Name="Src">94#out:1</P>
    <P Name="Dst">334#in:1</P>
  </Line>
  <Line>
    <P Name="Name">roll_rate</P>
    <P Name="ZOrder">43</P>
    <P Name="Labels">[1, 1]</P>
    <P Name="Src">499#out:1</P>
    <P Name="Dst">94#in:1</P>
  </Line>
  <Line>
    <P Name="ZOrder">3</P>
    <P Name="Src">332#out:1</P>
    <P Name="Points">[20, 0; 0, 20]</P>
    <P Name="Dst">108#in:1</P>
  </Line>
  <Line>
    <P Name="ZOrder">18</P>
    <P Name="Src">99#out:2</P>
    <P Name="Dst">103#in:1</P>
  </Line>
  <Line>
    <P Name="ZOrder">5</P>
    <P Name="Src">99#out:3</P>
    <P Name="Dst">502#in:1</P>
  </Line>
  <Line>
    <P Name="ZOrder">6</P>
    <P Name="Src">104#out:1</P>
    <P Name="Points">[25, 0]</P>
    <Branch>
      <P Name="ZOrder">56</P>
      <P Name="Dst">501#in:1</P>
    </Branch>
    <Branch>
      <P Name="ZOrder">32</P>
      <P Name="Points">[0, 120]</P>
      <P Name="Dst">335#in:1</P>
    </Branch>
  </Line>
  <Line>
    <P Name="ZOrder">12</P>
    <P Name="Src">108#out:1</P>
    <P Name="Dst">99#in:1</P>
  </Line>
  <Line>
    <P Name="Name">pitch_rate</P>
    <P Name="ZOrder">45</P>
    <P Name="Labels">[1, 1]</P>
    <P Name="Src">500#out:1</P>
    <P Name="Dst">94#in:2</P>
  </Line>
  <Line>
    <P Name="ZOrder">14</P>
    <P Name="Src">333#out:1</P>
    <P Name="Dst">108#in:2</P>
  </Line>
  <Line>
    <P Name="Name">yaw_rate</P>
    <P Name="ZOrder">16</P>
    <P Name="Labels">[1, 1]</P>
    <P Name="Src">98#out:1</P>
    <P Name="Dst">94#in:3</P>
  </Line>
  <Line>
    <P Name="ZOrder">44</P>
    <P Name="Src">103#out:1</P>
    <P Name="Points">[170, 0; 0, -40]</P>
    <P Name="Dst">499#in:1</P>
  </Line>
  <Line>
    <P Name="ZOrder">46</P>
    <P Name="Src">99#out:1</P>
    <P Name="Points">[75, 0; 0, 20; 175, 0; 0, 20]</P>
    <P Name="Dst">500#in:1</P>
  </Line>
  <Line>
    <P Name="ZOrder">53</P>
    <P Name="Src">501#out:1</P>
    <P Name="Points">[8, 0; 0, -25]</P>
    <Branch>
      <P Name="ZOrder">50</P>
      <P Name="Dst">500#in:2</P>
    </Branch>
    <Branch>
      <P Name="ZOrder">42</P>
      <P Name="Points">[0, -40]</P>
      <P Name="Dst">499#in:2</P>
    </Branch>
  </Line>
  <Line>
    <P Name="ZOrder">55</P>
    <P Name="Src">502#out:1</P>
    <P Name="Dst">104#in:1</P>
  </Line>
</System>
