<?xml version="1.0" encoding="utf-8"?>
<System>
  <P Name="Location">[223, 338, 826, 833]</P>
  <P Name="SystemRect">[0.000000, 0.000000, 0.000000, 0.000000]</P>
  <P Name="SetExecutionDomain">off</P>
  <P Name="ExecutionDomainType">Deduce</P>
  <P Name="ScreenColor">white</P>
  <P Name="SIDHighWatermark">24</P>
  <P Name="SimulinkSubDomain">Simulink</P>
  <Block BlockType="Inport" Name="u" SID="14::1">
    <P Name="Position">[20, 101, 40, 119]</P>
    <P Name="ZOrder">-1</P>
  </Block>
  <Block BlockType="Demux" Name=" Demux " SID="14::23">
    <P Name="Ports">[1, 1]</P>
    <P Name="Position">[270, 230, 320, 270]</P>
    <P Name="ZOrder">14</P>
    <P Name="Outputs">1</P>
  </Block>
  <Block BlockType="S-Function" Name=" SFunction " SID="14::22">
    <P Name="Tag">Stateflow S-Function 4</P>
    <P Name="Ports">[1, 2]</P>
    <P Name="Position">[180, 100, 230, 160]</P>
    <P Name="ZOrder">13</P>
    <P Name="FunctionName">sf_sfun</P>
    <P Name="PortCounts">[1 2]</P>
    <P Name="SFunctionDeploymentMode">off</P>
    <P Name="EnableBusSupport">on</P>
    <P Name="SFcnIsStateOwnerBlock">off</P>
    <Port>
      <P Name="PortNumber">2</P>
      <P Name="Name">y</P>
    </Port>
  </Block>
  <Block BlockType="Terminator" Name=" Terminator " SID="14::24">
    <P Name="Position">[460, 241, 480, 259]</P>
    <P Name="ZOrder">15</P>
  </Block>
  <Block BlockType="Outport" Name="y" SID="14::5">
    <P Name="Position">[460, 101, 480, 119]</P>
    <P Name="ZOrder">-5</P>
  </Block>
  <Line>
    <P Name="ZOrder">1</P>
    <P Name="Src">14::1#out:1</P>
    <P Name="Dst">14::22#in:1</P>
  </Line>
  <Line>
    <P Name="Name">y</P>
    <P Name="ZOrder">2</P>
    <P Name="Labels">[0, 0]</P>
    <P Name="Src">14::22#out:2</P>
    <P Name="Dst">14::5#in:1</P>
  </Line>
  <Line>
    <P Name="ZOrder">3</P>
    <P Name="Src">14::23#out:1</P>
    <P Name="Dst">14::24#in:1</P>
  </Line>
  <Line>
    <P Name="ZOrder">4</P>
    <P Name="Src">14::22#out:1</P>
    <P Name="Dst">14::23#in:1</P>
  </Line>
</System>
