<?xml version="1.0" encoding="utf-8"?>
<System>
  <P Name="Location">[640, 20, 1280, 1058]</P>
  <P Name="SystemRect">[0.000000, 0.000000, 0.000000, 0.000000]</P>
  <P Name="SetExecutionDomain">off</P>
  <P Name="ExecutionDomainType">Deduce</P>
  <P Name="ScreenColor">white</P>
  <P Name="ZoomFactor">40</P>
  <P Name="SimulinkSubDomain">Simulink</P>
  <Block BlockType="Inport" Name="jerk" SID="424">
    <P Name="Position">[0, 33, 30, 47]</P>
    <P Name="ZOrder">16</P>
  </Block>
  <Block BlockType="Sum" Name="Add" SID="426">
    <P Name="Ports">[2, 1]</P>
    <P Name="Position">[395, 126, 425, 159]</P>
    <P Name="ZOrder">9</P>
    <P Name="IconShape">rectangular</P>
  </Block>
  <Block BlockType="Constant" Name="Constant" SID="427">
    <P Name="Position">[110, 225, 140, 255]</P>
    <P Name="ZOrder">5</P>
    <P Name="Value">G_acc</P>
  </Block>
  <Block BlockType="Gain" Name="Gain" SID="428">
    <P Name="Position">[280, 125, 325, 175]</P>
    <P Name="ZOrder">1</P>
    <P Name="Gain">-1</P>
  </Block>
  <Block BlockType="Integrator" Name="Integrator" SID="430">
    <P Name="Ports">[1, 1]</P>
    <P Name="Position">[495, 130, 525, 160]</P>
    <P Name="ZOrder">13</P>
    <P Name="InitialCondition">InitialVelocity</P>
    <P Name="ContinuousStateAttributes">&apos;velocity&apos;</P>
  </Block>
  <Block BlockType="Integrator" Name="Integrator1" SID="437">
    <P Name="Ports">[1, 1]</P>
    <P Name="Position">[195, 25, 225, 55]</P>
    <P Name="ZOrder">27</P>
    <P Name="InitialCondition">InitialActuatedAcceleration</P>
    <P Name="ContinuousStateAttributes">&apos;acceleration&apos;</P>
  </Block>
  <Block BlockType="Integrator" Name="Integrator2" SID="431">
    <P Name="Ports">[1, 1]</P>
    <P Name="Position">[620, 130, 650, 160]</P>
    <P Name="ZOrder">26</P>
    <P Name="InitialCondition">InitialPosition</P>
    <P Name="ContinuousStateAttributes">&apos;velocity&apos;</P>
  </Block>
  <Block BlockType="Product" Name="Product" SID="432">
    <P Name="Ports">[2, 1]</P>
    <P Name="Position">[220, 132, 250, 163]</P>
    <P Name="ZOrder">6</P>
  </Block>
  <Block BlockType="Constant" Name="Zw" SID="433">
    <P Name="Position">[95, 112, 160, 168]</P>
    <P Name="ZOrder">4</P>
    <P Name="Value">[0;0;1]</P>
  </Block>
  <Block BlockType="Outport" Name="w_X" SID="434">
    <P Name="Position">[800, 138, 830, 152]</P>
    <P Name="ZOrder">18</P>
  </Block>
  <Block BlockType="Outport" Name="w_Xd" SID="435">
    <P Name="Position">[800, 313, 830, 327]</P>
    <P Name="ZOrder">19</P>
    <P Name="Port">2</P>
  </Block>
  <Block BlockType="Outport" Name="w_Xdd" SID="436">
    <P Name="Position">[800, 368, 830, 382]</P>
    <P Name="ZOrder">20</P>
    <P Name="Port">3</P>
  </Block>
  <Line>
    <P Name="ZOrder">1</P>
    <P Name="Src">427#out:1</P>
    <P Name="Points">[52, 0; 0, -85]</P>
    <P Name="Dst">432#in:2</P>
  </Line>
  <Line>
    <P Name="ZOrder">3</P>
    <P Name="Src">432#out:1</P>
    <P Name="Dst">428#in:1</P>
  </Line>
  <Line>
    <P Name="ZOrder">4</P>
    <P Name="Src">428#out:1</P>
    <P Name="Dst">426#in:2</P>
  </Line>
  <Line>
    <P Name="ZOrder">5</P>
    <P Name="Src">430#out:1</P>
    <P Name="Points">[17, 0]</P>
    <Branch>
      <P Name="ZOrder">6</P>
      <P Name="Dst">431#in:1</P>
    </Branch>
    <Branch>
      <P Name="ZOrder">7</P>
      <P Name="Points">[0, 175]</P>
      <P Name="Dst">435#in:1</P>
    </Branch>
  </Line>
  <Line>
    <P Name="ZOrder">8</P>
    <P Name="Src">433#out:1</P>
    <P Name="Dst">432#in:1</P>
  </Line>
  <Line>
    <P Name="ZOrder">9</P>
    <P Name="Src">426#out:1</P>
    <P Name="Points">[45, 0]</P>
    <Branch>
      <P Name="ZOrder">18</P>
      <P Name="Points">[0, 230]</P>
      <P Name="Dst">436#in:1</P>
    </Branch>
    <Branch>
      <P Name="ZOrder">15</P>
      <P Name="Dst">430#in:1</P>
    </Branch>
  </Line>
  <Line>
    <P Name="ZOrder">19</P>
    <P Name="Src">424#out:1</P>
    <P Name="Dst">437#in:1</P>
  </Line>
  <Line>
    <P Name="ZOrder">14</P>
    <P Name="Src">431#out:1</P>
    <P Name="Dst">434#in:1</P>
  </Line>
  <Line>
    <P Name="ZOrder">20</P>
    <P Name="Src">437#out:1</P>
    <P Name="Points">[130, 0; 0, 95]</P>
    <P Name="Dst">426#in:1</P>
  </Line>
</System>
