<?xml version="1.0" encoding="utf-8"?>
<System>
  <P Name="Location">[223, 338, 826, 833]</P>
  <P Name="SystemRect">[0.000000, 0.000000, 0.000000, 0.000000]</P>
  <P Name="SetExecutionDomain">off</P>
  <P Name="ExecutionDomainType">Deduce</P>
  <P Name="ScreenColor">white</P>
  <P Name="SIDHighWatermark">30</P>
  <P Name="SimulinkSubDomain">Simulink</P>
  <Block BlockType="Inport" Name="thrust" SID="697::1">
    <P Name="Position">[20, 101, 40, 119]</P>
    <P Name="ZOrder">-1</P>
  </Block>
  <Block BlockType="Inport" Name="rpy" SID="697::30">
    <P Name="Position">[20, 136, 40, 154]</P>
    <P Name="ZOrder">16</P>
    <P Name="Port">2</P>
  </Block>
  <Block BlockType="Demux" Name=" Demux " SID="697::28">
    <P Name="Ports">[1, 1]</P>
    <P Name="Position">[270, 230, 320, 270]</P>
    <P Name="ZOrder">14</P>
    <P Name="Outputs">1</P>
  </Block>
  <Block BlockType="S-Function" Name=" SFunction " SID="697::27">
    <P Name="Tag">Stateflow S-Function 7</P>
    <P Name="Ports">[2, 2]</P>
    <P Name="Position">[180, 100, 230, 160]</P>
    <P Name="ZOrder">13</P>
    <P Name="FunctionName">sf_sfun</P>
    <P Name="PortCounts">[2 2]</P>
    <P Name="SFunctionDeploymentMode">off</P>
    <P Name="EnableBusSupport">on</P>
    <P Name="SFcnIsStateOwnerBlock">off</P>
    <Port>
      <P Name="PortNumber">2</P>
      <P Name="Name">act_cmd</P>
    </Port>
  </Block>
  <Block BlockType="Terminator" Name=" Terminator " SID="697::29">
    <P Name="Position">[460, 241, 480, 259]</P>
    <P Name="ZOrder">15</P>
  </Block>
  <Block BlockType="Outport" Name="act_cmd" SID="697::5">
    <P Name="Position">[460, 101, 480, 119]</P>
    <P Name="ZOrder">-5</P>
  </Block>
  <Line>
    <P Name="ZOrder">5</P>
    <P Name="Src">697::1#out:1</P>
    <P Name="Dst">697::27#in:1</P>
  </Line>
  <Line>
    <P Name="ZOrder">6</P>
    <P Name="Src">697::30#out:1</P>
    <P Name="Dst">697::27#in:2</P>
  </Line>
  <Line>
    <P Name="Name">act_cmd</P>
    <P Name="ZOrder">7</P>
    <P Name="Labels">[0, 0]</P>
    <P Name="Src">697::27#out:2</P>
    <P Name="Dst">697::5#in:1</P>
  </Line>
  <Line>
    <P Name="ZOrder">8</P>
    <P Name="Src">697::28#out:1</P>
    <P Name="Dst">697::29#in:1</P>
  </Line>
  <Line>
    <P Name="ZOrder">9</P>
    <P Name="Src">697::27#out:1</P>
    <P Name="Dst">697::28#in:1</P>
  </Line>
</System>
