<?xml version="1.0" encoding="utf-8"?>
<GraphicalInterface>
  <P Name="NumRootInports">0</P>
  <P Name="NumRootOutports">0</P>
  <P Name="ParameterArgumentNames"/>
  <P Name="NumModelReferences">0</P>
  <P Name="NumTestPointedSignals">0</P>
  <P Name="NumProvidedFunctions">0</P>
  <P Name="NumRequiredFunctions">0</P>
  <P Name="NumResetEvents">0</P>
  <P Name="HasInitializeEvent">0</P>
  <P Name="HasTerminateEvent">0</P>
  <P Name="PreCompExecutionDomainType">Unset</P>
  <P Name="IsExportFunctionModel">0</P>
  <P Name="IsArchitectureModel">0</P>
  <P Name="IsAUTOSARArchitectureModel">0</P>
  <P Name="NumParameterArguments">0</P>
  <P Name="NumExternalFileReferences">8</P>
  <ExternalFileReference>
    <P Name="Reference">aerolibutil/Quaternion
Inverse</P>
    <P Name="Path">$bdroot/InternalController/Quaternion Inverse</P>
    <P Name="SID">615</P>
    <P Name="Type">LIBRARY_BLOCK</P>
  </ExternalFileReference>
  <ExternalFileReference>
    <P Name="Reference">aerolibutil/Quaternion
Rotation</P>
    <P Name="Path">$bdroot/InternalController/Quaternion Rotation</P>
    <P Name="SID">617</P>
    <P Name="Type">LIBRARY_BLOCK</P>
  </ExternalFileReference>
  <ExternalFileReference>
    <P Name="Reference">sharedtransform/Quaternions to Rotation Angles</P>
    <P Name="Path">$bdroot/RigidBody_Dynamics/Angular Motion/Quaternions to Rotation Angles</P>
    <P Name="SID">529</P>
    <P Name="Type">LIBRARY_BLOCK</P>
  </ExternalFileReference>
  <ExternalFileReference>
    <P Name="Reference">simulink/Logic and Bit
Operations/Compare
To Zero</P>
    <P Name="Path">$bdroot/RigidBody_Dynamics/Linear Motion Drag Model1/Subsystem/Versor/Normalize/Compare To Zero</P>
    <P Name="SID">581</P>
    <P Name="Type">LIBRARY_BLOCK</P>
  </ExternalFileReference>
  <ExternalFileReference>
    <P Name="Reference">aerolibutil/Quaternion
Inverse</P>
    <P Name="Path">$bdroot/Subsystem2/Quaternion Inverse</P>
    <P Name="SID">107</P>
    <P Name="Type">LIBRARY_BLOCK</P>
  </ExternalFileReference>
  <ExternalFileReference>
    <P Name="Reference">aerolibutil/Quaternion
Rotation</P>
    <P Name="Path">$bdroot/Subsystem2/Quaternion Rotation1</P>
    <P Name="SID">109</P>
    <P Name="Type">LIBRARY_BLOCK</P>
  </ExternalFileReference>
  <ExternalFileReference>
    <P Name="Reference">aerolibutil/Quaternion
Rotation</P>
    <P Name="Path">$bdroot/Subsystem2/Subsystem1/Quaternion Rotation</P>
    <P Name="SID">108</P>
    <P Name="Type">LIBRARY_BLOCK</P>
  </ExternalFileReference>
  <ExternalFileReference>
    <P Name="Reference">simulink/Logic and Bit
Operations/Compare
To Zero</P>
    <P Name="Path">$bdroot/Trajectory_Gen/Compare To Zero</P>
    <P Name="SID">118</P>
    <P Name="Type">LIBRARY_BLOCK</P>
  </ExternalFileReference>
  <P Name="OrderedModelArguments">1</P>
</GraphicalInterface>
