<?xml version="1.0" encoding="UTF-8" standalone="yes" ?><cp:coreProperties xmlns:cp="http://schemas.openxmlformats.org/package/2006/metadata/core-properties" xmlns:dc="http://purl.org/dc/elements/1.1/" xmlns:dcmitype="http://purl.org/dc/dcmitype/" xmlns:dcterms="http://purl.org/dc/terms/" xmlns:xsi="http://www.w3.org/2001/XMLSchema-instance"><cp:category>model</cp:category><dcterms:created xsi:type="dcterms:W3CDTF">2020-12-16T22:17:06Z</dcterms:created><dc:creator>Luigi</dc:creator><cp:lastModifiedBy>rt-2pm2</cp:lastModifiedBy><dcterms:modified xsi:type="dcterms:W3CDTF">2021-01-07T23:38:41Z</dcterms:modified><cp:revision>1.115</cp:revision><cp:version>R2020b</cp:version></cp:coreProperties>